"","TP","Value","bNTI.ted.RC.partition","Habitat"
"1",1,6,"(-2, 2)   & [-1, -0.95]","Leaf"
"2",2,1,"(-2, 2)   & [-1, -0.95]","Leaf"
"3",3,0,"(-2, 2)   & [-1, -0.95]","Leaf"
"4",4,4,"(-2, 2)   & [-1, -0.95]","Leaf"
"5",5,1,"(-2, 2)   & [-1, -0.95]","Leaf"
"6",6,3,"(-2, 2)   & [-1, -0.95]","Leaf"
"7",7,4,"(-2, 2)   & [-1, -0.95]","Leaf"
"8",8,8,"(-2, 2)   & [-1, -0.95]","Leaf"
"9",9,0,"(-2, 2)   & [-1, -0.95]","Leaf"
"10",10,6,"(-2, 2)   & [-1, -0.95]","Leaf"
"11",11,6,"(-2, 2)   & [-1, -0.95]","Leaf"
"12",12,2,"(-2, 2)   & [-1, -0.95]","Leaf"
"13",13,6,"(-2, 2)   & [-1, -0.95]","Leaf"
"14",14,4,"(-2, 2)   & [-1, -0.95]","Leaf"
"15",15,11,"(-2, 2)   & [-1, -0.95]","Leaf"
"16",16,6,"(-2, 2)   & [-1, -0.95]","Leaf"
"17",17,0,"(-2, 2)   & [-1, -0.95]","Leaf"
"18",1,15,"(-2, 2)   & [-1, -0.95]","Rhizosphere"
"19",2,14,"(-2, 2)   & [-1, -0.95]","Rhizosphere"
"20",3,14,"(-2, 2)   & [-1, -0.95]","Rhizosphere"
"21",4,13,"(-2, 2)   & [-1, -0.95]","Rhizosphere"
"22",5,12,"(-2, 2)   & [-1, -0.95]","Rhizosphere"
"23",6,14,"(-2, 2)   & [-1, -0.95]","Rhizosphere"
"24",7,11,"(-2, 2)   & [-1, -0.95]","Rhizosphere"
"25",8,11,"(-2, 2)   & [-1, -0.95]","Rhizosphere"
"26",9,13,"(-2, 2)   & [-1, -0.95]","Rhizosphere"
"27",10,12,"(-2, 2)   & [-1, -0.95]","Rhizosphere"
"28",11,14,"(-2, 2)   & [-1, -0.95]","Rhizosphere"
"29",12,15,"(-2, 2)   & [-1, -0.95]","Rhizosphere"
"30",13,13,"(-2, 2)   & [-1, -0.95]","Rhizosphere"
"31",14,14,"(-2, 2)   & [-1, -0.95]","Rhizosphere"
"32",15,13,"(-2, 2)   & [-1, -0.95]","Rhizosphere"
"33",16,9,"(-2, 2)   & [-1, -0.95]","Rhizosphere"
"34",17,14,"(-2, 2)   & [-1, -0.95]","Rhizosphere"
"35",1,11,"(-2, 2)   & [-1, -0.95]","Root"
"36",2,4,"(-2, 2)   & [-1, -0.95]","Root"
"37",3,8,"(-2, 2)   & [-1, -0.95]","Root"
"38",4,12,"(-2, 2)   & [-1, -0.95]","Root"
"39",5,14,"(-2, 2)   & [-1, -0.95]","Root"
"40",6,13,"(-2, 2)   & [-1, -0.95]","Root"
"41",7,14,"(-2, 2)   & [-1, -0.95]","Root"
"42",8,14,"(-2, 2)   & [-1, -0.95]","Root"
"43",9,13,"(-2, 2)   & [-1, -0.95]","Root"
"44",10,14,"(-2, 2)   & [-1, -0.95]","Root"
"45",11,10,"(-2, 2)   & [-1, -0.95]","Root"
"46",12,1,"(-2, 2)   & [-1, -0.95]","Root"
"47",13,11,"(-2, 2)   & [-1, -0.95]","Root"
"48",14,13,"(-2, 2)   & [-1, -0.95]","Root"
"49",15,7,"(-2, 2)   & [-1, -0.95]","Root"
"50",16,12,"(-2, 2)   & [-1, -0.95]","Root"
"51",17,9,"(-2, 2)   & [-1, -0.95]","Root"
"52",0,14,"(-2, 2)   & [-1, -0.95]","Soil"
"53",1,14,"(-2, 2)   & [-1, -0.95]","Soil"
"54",2,15,"(-2, 2)   & [-1, -0.95]","Soil"
"55",3,13,"(-2, 2)   & [-1, -0.95]","Soil"
"56",4,13,"(-2, 2)   & [-1, -0.95]","Soil"
"57",5,13,"(-2, 2)   & [-1, -0.95]","Soil"
"58",6,13,"(-2, 2)   & [-1, -0.95]","Soil"
"59",7,12,"(-2, 2)   & [-1, -0.95]","Soil"
"60",8,12,"(-2, 2)   & [-1, -0.95]","Soil"
"61",9,11,"(-2, 2)   & [-1, -0.95]","Soil"
"62",10,12,"(-2, 2)   & [-1, -0.95]","Soil"
"63",11,14,"(-2, 2)   & [-1, -0.95]","Soil"
"64",12,8,"(-2, 2)   & [-1, -0.95]","Soil"
"65",13,14,"(-2, 2)   & [-1, -0.95]","Soil"
"66",14,14,"(-2, 2)   & [-1, -0.95]","Soil"
"67",15,11,"(-2, 2)   & [-1, -0.95]","Soil"
"68",16,11,"(-2, 2)   & [-1, -0.95]","Soil"
"69",17,13,"(-2, 2)   & [-1, -0.95]","Soil"
"70",8,10,"(-2, 2)   & [-1, -0.95]","Leaf"
"71",9,8,"(-2, 2)   & [-1, -0.95]","Leaf"
"72",10,5,"(-2, 2)   & [-1, -0.95]","Leaf"
"73",11,5,"(-2, 2)   & [-1, -0.95]","Leaf"
"74",12,6,"(-2, 2)   & [-1, -0.95]","Leaf"
"75",13,7,"(-2, 2)   & [-1, -0.95]","Leaf"
"76",14,5,"(-2, 2)   & [-1, -0.95]","Leaf"
"77",15,9,"(-2, 2)   & [-1, -0.95]","Leaf"
"78",16,6,"(-2, 2)   & [-1, -0.95]","Leaf"
"79",17,2,"(-2, 2)   & [-1, -0.95]","Leaf"
"80",8,13,"(-2, 2)   & [-1, -0.95]","Rhizosphere"
"81",9,14,"(-2, 2)   & [-1, -0.95]","Rhizosphere"
"82",10,15,"(-2, 2)   & [-1, -0.95]","Rhizosphere"
"83",11,15,"(-2, 2)   & [-1, -0.95]","Rhizosphere"
"84",12,14,"(-2, 2)   & [-1, -0.95]","Rhizosphere"
"85",13,10,"(-2, 2)   & [-1, -0.95]","Rhizosphere"
"86",14,12,"(-2, 2)   & [-1, -0.95]","Rhizosphere"
"87",15,13,"(-2, 2)   & [-1, -0.95]","Rhizosphere"
"88",16,10,"(-2, 2)   & [-1, -0.95]","Rhizosphere"
"89",17,14,"(-2, 2)   & [-1, -0.95]","Rhizosphere"
"90",8,15,"(-2, 2)   & [-1, -0.95]","Root"
"91",9,10,"(-2, 2)   & [-1, -0.95]","Root"
"92",10,12,"(-2, 2)   & [-1, -0.95]","Root"
"93",11,12,"(-2, 2)   & [-1, -0.95]","Root"
"94",12,15,"(-2, 2)   & [-1, -0.95]","Root"
"95",13,14,"(-2, 2)   & [-1, -0.95]","Root"
"96",14,14,"(-2, 2)   & [-1, -0.95]","Root"
"97",15,14,"(-2, 2)   & [-1, -0.95]","Root"
"98",16,12,"(-2, 2)   & [-1, -0.95]","Root"
"99",17,15,"(-2, 2)   & [-1, -0.95]","Root"
"100",0,15,"(-2, 2)   & [-1, -0.95]","Soil"
"101",8,14,"(-2, 2)   & [-1, -0.95]","Soil"
"102",9,13,"(-2, 2)   & [-1, -0.95]","Soil"
"103",10,11,"(-2, 2)   & [-1, -0.95]","Soil"
"104",11,12,"(-2, 2)   & [-1, -0.95]","Soil"
"105",12,15,"(-2, 2)   & [-1, -0.95]","Soil"
"106",13,14,"(-2, 2)   & [-1, -0.95]","Soil"
"107",14,14,"(-2, 2)   & [-1, -0.95]","Soil"
"108",15,9,"(-2, 2)   & [-1, -0.95]","Soil"
"109",16,15,"(-2, 2)   & [-1, -0.95]","Soil"
"110",17,13,"(-2, 2)   & [-1, -0.95]","Soil"
"111",3,3,"(-2, 2)   & [-1, -0.95]","Leaf"
"112",4,5,"(-2, 2)   & [-1, -0.95]","Leaf"
"113",5,8,"(-2, 2)   & [-1, -0.95]","Leaf"
"114",6,6,"(-2, 2)   & [-1, -0.95]","Leaf"
"115",7,2,"(-2, 2)   & [-1, -0.95]","Leaf"
"116",8,6,"(-2, 2)   & [-1, -0.95]","Leaf"
"117",9,6,"(-2, 2)   & [-1, -0.95]","Leaf"
"118",10,5,"(-2, 2)   & [-1, -0.95]","Leaf"
"119",11,9,"(-2, 2)   & [-1, -0.95]","Leaf"
"120",12,0,"(-2, 2)   & [-1, -0.95]","Leaf"
"121",13,6,"(-2, 2)   & [-1, -0.95]","Leaf"
"122",14,11,"(-2, 2)   & [-1, -0.95]","Leaf"
"123",15,5,"(-2, 2)   & [-1, -0.95]","Leaf"
"124",16,11,"(-2, 2)   & [-1, -0.95]","Leaf"
"125",17,14,"(-2, 2)   & [-1, -0.95]","Leaf"
"126",3,15,"(-2, 2)   & [-1, -0.95]","Rhizosphere"
"127",4,14,"(-2, 2)   & [-1, -0.95]","Rhizosphere"
"128",5,12,"(-2, 2)   & [-1, -0.95]","Rhizosphere"
"129",6,14,"(-2, 2)   & [-1, -0.95]","Rhizosphere"
"130",7,13,"(-2, 2)   & [-1, -0.95]","Rhizosphere"
"131",8,14,"(-2, 2)   & [-1, -0.95]","Rhizosphere"
"132",9,10,"(-2, 2)   & [-1, -0.95]","Rhizosphere"
"133",10,14,"(-2, 2)   & [-1, -0.95]","Rhizosphere"
"134",11,14,"(-2, 2)   & [-1, -0.95]","Rhizosphere"
"135",12,15,"(-2, 2)   & [-1, -0.95]","Rhizosphere"
"136",13,15,"(-2, 2)   & [-1, -0.95]","Rhizosphere"
"137",14,14,"(-2, 2)   & [-1, -0.95]","Rhizosphere"
"138",15,15,"(-2, 2)   & [-1, -0.95]","Rhizosphere"
"139",16,14,"(-2, 2)   & [-1, -0.95]","Rhizosphere"
"140",17,13,"(-2, 2)   & [-1, -0.95]","Rhizosphere"
"141",3,9,"(-2, 2)   & [-1, -0.95]","Root"
"142",4,12,"(-2, 2)   & [-1, -0.95]","Root"
"143",5,13,"(-2, 2)   & [-1, -0.95]","Root"
"144",6,13,"(-2, 2)   & [-1, -0.95]","Root"
"145",7,8,"(-2, 2)   & [-1, -0.95]","Root"
"146",8,13,"(-2, 2)   & [-1, -0.95]","Root"
"147",9,6,"(-2, 2)   & [-1, -0.95]","Root"
"148",10,13,"(-2, 2)   & [-1, -0.95]","Root"
"149",11,7,"(-2, 2)   & [-1, -0.95]","Root"
"150",12,12,"(-2, 2)   & [-1, -0.95]","Root"
"151",13,10,"(-2, 2)   & [-1, -0.95]","Root"
"152",14,13,"(-2, 2)   & [-1, -0.95]","Root"
"153",15,11,"(-2, 2)   & [-1, -0.95]","Root"
"154",16,14,"(-2, 2)   & [-1, -0.95]","Root"
"155",17,12,"(-2, 2)   & [-1, -0.95]","Root"
"156",0,13,"(-2, 2)   & [-1, -0.95]","Soil"
"157",3,12,"(-2, 2)   & [-1, -0.95]","Soil"
"158",4,15,"(-2, 2)   & [-1, -0.95]","Soil"
"159",5,10,"(-2, 2)   & [-1, -0.95]","Soil"
"160",6,14,"(-2, 2)   & [-1, -0.95]","Soil"
"161",7,13,"(-2, 2)   & [-1, -0.95]","Soil"
"162",8,15,"(-2, 2)   & [-1, -0.95]","Soil"
"163",9,14,"(-2, 2)   & [-1, -0.95]","Soil"
"164",10,15,"(-2, 2)   & [-1, -0.95]","Soil"
"165",11,12,"(-2, 2)   & [-1, -0.95]","Soil"
"166",12,13,"(-2, 2)   & [-1, -0.95]","Soil"
"167",13,15,"(-2, 2)   & [-1, -0.95]","Soil"
"168",14,14,"(-2, 2)   & [-1, -0.95]","Soil"
"169",15,15,"(-2, 2)   & [-1, -0.95]","Soil"
"170",16,12,"(-2, 2)   & [-1, -0.95]","Soil"
"171",17,15,"(-2, 2)   & [-1, -0.95]","Soil"
"172",1,3,"(-2, 2)   & (-0.95, 0.95)","Leaf"
"173",2,9,"(-2, 2)   & (-0.95, 0.95)","Leaf"
"174",3,8,"(-2, 2)   & (-0.95, 0.95)","Leaf"
"175",4,10,"(-2, 2)   & (-0.95, 0.95)","Leaf"
"176",5,8,"(-2, 2)   & (-0.95, 0.95)","Leaf"
"177",6,9,"(-2, 2)   & (-0.95, 0.95)","Leaf"
"178",7,9,"(-2, 2)   & (-0.95, 0.95)","Leaf"
"179",8,0,"(-2, 2)   & (-0.95, 0.95)","Leaf"
"180",9,0,"(-2, 2)   & (-0.95, 0.95)","Leaf"
"181",10,0,"(-2, 2)   & (-0.95, 0.95)","Leaf"
"182",11,0,"(-2, 2)   & (-0.95, 0.95)","Leaf"
"183",12,0,"(-2, 2)   & (-0.95, 0.95)","Leaf"
"184",13,0,"(-2, 2)   & (-0.95, 0.95)","Leaf"
"185",14,0,"(-2, 2)   & (-0.95, 0.95)","Leaf"
"186",15,0,"(-2, 2)   & (-0.95, 0.95)","Leaf"
"187",16,0,"(-2, 2)   & (-0.95, 0.95)","Leaf"
"188",17,0,"(-2, 2)   & (-0.95, 0.95)","Leaf"
"189",1,0,"(-2, 2)   & (-0.95, 0.95)","Rhizosphere"
"190",2,0,"(-2, 2)   & (-0.95, 0.95)","Rhizosphere"
"191",3,1,"(-2, 2)   & (-0.95, 0.95)","Rhizosphere"
"192",4,1,"(-2, 2)   & (-0.95, 0.95)","Rhizosphere"
"193",5,3,"(-2, 2)   & (-0.95, 0.95)","Rhizosphere"
"194",6,1,"(-2, 2)   & (-0.95, 0.95)","Rhizosphere"
"195",7,4,"(-2, 2)   & (-0.95, 0.95)","Rhizosphere"
"196",8,4,"(-2, 2)   & (-0.95, 0.95)","Rhizosphere"
"197",9,1,"(-2, 2)   & (-0.95, 0.95)","Rhizosphere"
"198",10,2,"(-2, 2)   & (-0.95, 0.95)","Rhizosphere"
"199",11,1,"(-2, 2)   & (-0.95, 0.95)","Rhizosphere"
"200",12,0,"(-2, 2)   & (-0.95, 0.95)","Rhizosphere"
"201",13,1,"(-2, 2)   & (-0.95, 0.95)","Rhizosphere"
"202",14,0,"(-2, 2)   & (-0.95, 0.95)","Rhizosphere"
"203",15,2,"(-2, 2)   & (-0.95, 0.95)","Rhizosphere"
"204",16,4,"(-2, 2)   & (-0.95, 0.95)","Rhizosphere"
"205",17,0,"(-2, 2)   & (-0.95, 0.95)","Rhizosphere"
"206",1,3,"(-2, 2)   & (-0.95, 0.95)","Root"
"207",2,9,"(-2, 2)   & (-0.95, 0.95)","Root"
"208",3,7,"(-2, 2)   & (-0.95, 0.95)","Root"
"209",4,0,"(-2, 2)   & (-0.95, 0.95)","Root"
"210",5,0,"(-2, 2)   & (-0.95, 0.95)","Root"
"211",6,0,"(-2, 2)   & (-0.95, 0.95)","Root"
"212",7,0,"(-2, 2)   & (-0.95, 0.95)","Root"
"213",8,0,"(-2, 2)   & (-0.95, 0.95)","Root"
"214",9,0,"(-2, 2)   & (-0.95, 0.95)","Root"
"215",10,0,"(-2, 2)   & (-0.95, 0.95)","Root"
"216",11,3,"(-2, 2)   & (-0.95, 0.95)","Root"
"217",12,1,"(-2, 2)   & (-0.95, 0.95)","Root"
"218",13,3,"(-2, 2)   & (-0.95, 0.95)","Root"
"219",14,2,"(-2, 2)   & (-0.95, 0.95)","Root"
"220",15,2,"(-2, 2)   & (-0.95, 0.95)","Root"
"221",16,1,"(-2, 2)   & (-0.95, 0.95)","Root"
"222",17,4,"(-2, 2)   & (-0.95, 0.95)","Root"
"223",0,1,"(-2, 2)   & (-0.95, 0.95)","Soil"
"224",1,1,"(-2, 2)   & (-0.95, 0.95)","Soil"
"225",2,0,"(-2, 2)   & (-0.95, 0.95)","Soil"
"226",3,1,"(-2, 2)   & (-0.95, 0.95)","Soil"
"227",4,2,"(-2, 2)   & (-0.95, 0.95)","Soil"
"228",5,1,"(-2, 2)   & (-0.95, 0.95)","Soil"
"229",6,2,"(-2, 2)   & (-0.95, 0.95)","Soil"
"230",7,0,"(-2, 2)   & (-0.95, 0.95)","Soil"
"231",8,2,"(-2, 2)   & (-0.95, 0.95)","Soil"
"232",9,4,"(-2, 2)   & (-0.95, 0.95)","Soil"
"233",10,1,"(-2, 2)   & (-0.95, 0.95)","Soil"
"234",11,1,"(-2, 2)   & (-0.95, 0.95)","Soil"
"235",12,6,"(-2, 2)   & (-0.95, 0.95)","Soil"
"236",13,0,"(-2, 2)   & (-0.95, 0.95)","Soil"
"237",14,0,"(-2, 2)   & (-0.95, 0.95)","Soil"
"238",15,3,"(-2, 2)   & (-0.95, 0.95)","Soil"
"239",16,4,"(-2, 2)   & (-0.95, 0.95)","Soil"
"240",17,1,"(-2, 2)   & (-0.95, 0.95)","Soil"
"241",8,2,"(-2, 2)   & (-0.95, 0.95)","Leaf"
"242",9,0,"(-2, 2)   & (-0.95, 0.95)","Leaf"
"243",10,0,"(-2, 2)   & (-0.95, 0.95)","Leaf"
"244",11,4,"(-2, 2)   & (-0.95, 0.95)","Leaf"
"245",12,0,"(-2, 2)   & (-0.95, 0.95)","Leaf"
"246",13,0,"(-2, 2)   & (-0.95, 0.95)","Leaf"
"247",14,0,"(-2, 2)   & (-0.95, 0.95)","Leaf"
"248",15,0,"(-2, 2)   & (-0.95, 0.95)","Leaf"
"249",16,0,"(-2, 2)   & (-0.95, 0.95)","Leaf"
"250",17,0,"(-2, 2)   & (-0.95, 0.95)","Leaf"
"251",8,1,"(-2, 2)   & (-0.95, 0.95)","Rhizosphere"
"252",9,1,"(-2, 2)   & (-0.95, 0.95)","Rhizosphere"
"253",10,0,"(-2, 2)   & (-0.95, 0.95)","Rhizosphere"
"254",11,0,"(-2, 2)   & (-0.95, 0.95)","Rhizosphere"
"255",12,0,"(-2, 2)   & (-0.95, 0.95)","Rhizosphere"
"256",13,5,"(-2, 2)   & (-0.95, 0.95)","Rhizosphere"
"257",14,1,"(-2, 2)   & (-0.95, 0.95)","Rhizosphere"
"258",15,1,"(-2, 2)   & (-0.95, 0.95)","Rhizosphere"
"259",16,2,"(-2, 2)   & (-0.95, 0.95)","Rhizosphere"
"260",17,1,"(-2, 2)   & (-0.95, 0.95)","Rhizosphere"
"261",8,0,"(-2, 2)   & (-0.95, 0.95)","Root"
"262",9,0,"(-2, 2)   & (-0.95, 0.95)","Root"
"263",10,0,"(-2, 2)   & (-0.95, 0.95)","Root"
"264",11,0,"(-2, 2)   & (-0.95, 0.95)","Root"
"265",12,0,"(-2, 2)   & (-0.95, 0.95)","Root"
"266",13,0,"(-2, 2)   & (-0.95, 0.95)","Root"
"267",14,0,"(-2, 2)   & (-0.95, 0.95)","Root"
"268",15,0,"(-2, 2)   & (-0.95, 0.95)","Root"
"269",16,0,"(-2, 2)   & (-0.95, 0.95)","Root"
"270",17,0,"(-2, 2)   & (-0.95, 0.95)","Root"
"271",0,0,"(-2, 2)   & (-0.95, 0.95)","Soil"
"272",8,0,"(-2, 2)   & (-0.95, 0.95)","Soil"
"273",9,2,"(-2, 2)   & (-0.95, 0.95)","Soil"
"274",10,0,"(-2, 2)   & (-0.95, 0.95)","Soil"
"275",11,3,"(-2, 2)   & (-0.95, 0.95)","Soil"
"276",12,0,"(-2, 2)   & (-0.95, 0.95)","Soil"
"277",13,0,"(-2, 2)   & (-0.95, 0.95)","Soil"
"278",14,1,"(-2, 2)   & (-0.95, 0.95)","Soil"
"279",15,6,"(-2, 2)   & (-0.95, 0.95)","Soil"
"280",16,0,"(-2, 2)   & (-0.95, 0.95)","Soil"
"281",17,1,"(-2, 2)   & (-0.95, 0.95)","Soil"
"282",3,9,"(-2, 2)   & (-0.95, 0.95)","Leaf"
"283",4,8,"(-2, 2)   & (-0.95, 0.95)","Leaf"
"284",5,7,"(-2, 2)   & (-0.95, 0.95)","Leaf"
"285",6,9,"(-2, 2)   & (-0.95, 0.95)","Leaf"
"286",7,9,"(-2, 2)   & (-0.95, 0.95)","Leaf"
"287",8,6,"(-2, 2)   & (-0.95, 0.95)","Leaf"
"288",9,3,"(-2, 2)   & (-0.95, 0.95)","Leaf"
"289",10,0,"(-2, 2)   & (-0.95, 0.95)","Leaf"
"290",11,0,"(-2, 2)   & (-0.95, 0.95)","Leaf"
"291",12,0,"(-2, 2)   & (-0.95, 0.95)","Leaf"
"292",13,0,"(-2, 2)   & (-0.95, 0.95)","Leaf"
"293",14,0,"(-2, 2)   & (-0.95, 0.95)","Leaf"
"294",15,0,"(-2, 2)   & (-0.95, 0.95)","Leaf"
"295",16,0,"(-2, 2)   & (-0.95, 0.95)","Leaf"
"296",17,0,"(-2, 2)   & (-0.95, 0.95)","Leaf"
"297",3,0,"(-2, 2)   & (-0.95, 0.95)","Rhizosphere"
"298",4,1,"(-2, 2)   & (-0.95, 0.95)","Rhizosphere"
"299",5,2,"(-2, 2)   & (-0.95, 0.95)","Rhizosphere"
"300",6,0,"(-2, 2)   & (-0.95, 0.95)","Rhizosphere"
"301",7,0,"(-2, 2)   & (-0.95, 0.95)","Rhizosphere"
"302",8,0,"(-2, 2)   & (-0.95, 0.95)","Rhizosphere"
"303",9,4,"(-2, 2)   & (-0.95, 0.95)","Rhizosphere"
"304",10,0,"(-2, 2)   & (-0.95, 0.95)","Rhizosphere"
"305",11,0,"(-2, 2)   & (-0.95, 0.95)","Rhizosphere"
"306",12,0,"(-2, 2)   & (-0.95, 0.95)","Rhizosphere"
"307",13,0,"(-2, 2)   & (-0.95, 0.95)","Rhizosphere"
"308",14,1,"(-2, 2)   & (-0.95, 0.95)","Rhizosphere"
"309",15,0,"(-2, 2)   & (-0.95, 0.95)","Rhizosphere"
"310",16,1,"(-2, 2)   & (-0.95, 0.95)","Rhizosphere"
"311",17,2,"(-2, 2)   & (-0.95, 0.95)","Rhizosphere"
"312",3,6,"(-2, 2)   & (-0.95, 0.95)","Root"
"313",4,3,"(-2, 2)   & (-0.95, 0.95)","Root"
"314",5,2,"(-2, 2)   & (-0.95, 0.95)","Root"
"315",6,0,"(-2, 2)   & (-0.95, 0.95)","Root"
"316",7,3,"(-2, 2)   & (-0.95, 0.95)","Root"
"317",8,1,"(-2, 2)   & (-0.95, 0.95)","Root"
"318",9,8,"(-2, 2)   & (-0.95, 0.95)","Root"
"319",10,0,"(-2, 2)   & (-0.95, 0.95)","Root"
"320",11,0,"(-2, 2)   & (-0.95, 0.95)","Root"
"321",12,0,"(-2, 2)   & (-0.95, 0.95)","Root"
"322",13,0,"(-2, 2)   & (-0.95, 0.95)","Root"
"323",14,1,"(-2, 2)   & (-0.95, 0.95)","Root"
"324",15,0,"(-2, 2)   & (-0.95, 0.95)","Root"
"325",16,1,"(-2, 2)   & (-0.95, 0.95)","Root"
"326",17,2,"(-2, 2)   & (-0.95, 0.95)","Root"
"327",0,2,"(-2, 2)   & (-0.95, 0.95)","Soil"
"328",3,0,"(-2, 2)   & (-0.95, 0.95)","Soil"
"329",4,0,"(-2, 2)   & (-0.95, 0.95)","Soil"
"330",5,3,"(-2, 2)   & (-0.95, 0.95)","Soil"
"331",6,1,"(-2, 2)   & (-0.95, 0.95)","Soil"
"332",7,1,"(-2, 2)   & (-0.95, 0.95)","Soil"
"333",8,0,"(-2, 2)   & (-0.95, 0.95)","Soil"
"334",9,0,"(-2, 2)   & (-0.95, 0.95)","Soil"
"335",10,0,"(-2, 2)   & (-0.95, 0.95)","Soil"
"336",11,3,"(-2, 2)   & (-0.95, 0.95)","Soil"
"337",12,2,"(-2, 2)   & (-0.95, 0.95)","Soil"
"338",13,0,"(-2, 2)   & (-0.95, 0.95)","Soil"
"339",14,0,"(-2, 2)   & (-0.95, 0.95)","Soil"
"340",15,0,"(-2, 2)   & (-0.95, 0.95)","Soil"
"341",16,2,"(-2, 2)   & (-0.95, 0.95)","Soil"
"342",17,0,"(-2, 2)   & (-0.95, 0.95)","Soil"
"343",1,0,"(-2, 2)   & [0.95, 1]","Leaf"
"344",2,1,"(-2, 2)   & [0.95, 1]","Leaf"
"345",3,2,"(-2, 2)   & [0.95, 1]","Leaf"
"346",4,1,"(-2, 2)   & [0.95, 1]","Leaf"
"347",5,1,"(-2, 2)   & [0.95, 1]","Leaf"
"348",6,0,"(-2, 2)   & [0.95, 1]","Leaf"
"349",7,0,"(-2, 2)   & [0.95, 1]","Leaf"
"350",8,0,"(-2, 2)   & [0.95, 1]","Leaf"
"351",9,0,"(-2, 2)   & [0.95, 1]","Leaf"
"352",10,0,"(-2, 2)   & [0.95, 1]","Leaf"
"353",11,0,"(-2, 2)   & [0.95, 1]","Leaf"
"354",12,0,"(-2, 2)   & [0.95, 1]","Leaf"
"355",13,0,"(-2, 2)   & [0.95, 1]","Leaf"
"356",14,0,"(-2, 2)   & [0.95, 1]","Leaf"
"357",15,0,"(-2, 2)   & [0.95, 1]","Leaf"
"358",16,0,"(-2, 2)   & [0.95, 1]","Leaf"
"359",17,0,"(-2, 2)   & [0.95, 1]","Leaf"
"360",1,0,"(-2, 2)   & [0.95, 1]","Rhizosphere"
"361",2,0,"(-2, 2)   & [0.95, 1]","Rhizosphere"
"362",3,0,"(-2, 2)   & [0.95, 1]","Rhizosphere"
"363",4,0,"(-2, 2)   & [0.95, 1]","Rhizosphere"
"364",5,0,"(-2, 2)   & [0.95, 1]","Rhizosphere"
"365",6,0,"(-2, 2)   & [0.95, 1]","Rhizosphere"
"366",7,0,"(-2, 2)   & [0.95, 1]","Rhizosphere"
"367",8,0,"(-2, 2)   & [0.95, 1]","Rhizosphere"
"368",9,0,"(-2, 2)   & [0.95, 1]","Rhizosphere"
"369",10,0,"(-2, 2)   & [0.95, 1]","Rhizosphere"
"370",11,0,"(-2, 2)   & [0.95, 1]","Rhizosphere"
"371",12,0,"(-2, 2)   & [0.95, 1]","Rhizosphere"
"372",13,0,"(-2, 2)   & [0.95, 1]","Rhizosphere"
"373",14,0,"(-2, 2)   & [0.95, 1]","Rhizosphere"
"374",15,0,"(-2, 2)   & [0.95, 1]","Rhizosphere"
"375",16,0,"(-2, 2)   & [0.95, 1]","Rhizosphere"
"376",17,0,"(-2, 2)   & [0.95, 1]","Rhizosphere"
"377",1,0,"(-2, 2)   & [0.95, 1]","Root"
"378",2,1,"(-2, 2)   & [0.95, 1]","Root"
"379",3,0,"(-2, 2)   & [0.95, 1]","Root"
"380",4,0,"(-2, 2)   & [0.95, 1]","Root"
"381",5,0,"(-2, 2)   & [0.95, 1]","Root"
"382",6,0,"(-2, 2)   & [0.95, 1]","Root"
"383",7,0,"(-2, 2)   & [0.95, 1]","Root"
"384",8,0,"(-2, 2)   & [0.95, 1]","Root"
"385",9,0,"(-2, 2)   & [0.95, 1]","Root"
"386",10,0,"(-2, 2)   & [0.95, 1]","Root"
"387",11,0,"(-2, 2)   & [0.95, 1]","Root"
"388",12,0,"(-2, 2)   & [0.95, 1]","Root"
"389",13,0,"(-2, 2)   & [0.95, 1]","Root"
"390",14,0,"(-2, 2)   & [0.95, 1]","Root"
"391",15,0,"(-2, 2)   & [0.95, 1]","Root"
"392",16,0,"(-2, 2)   & [0.95, 1]","Root"
"393",17,0,"(-2, 2)   & [0.95, 1]","Root"
"394",0,0,"(-2, 2)   & [0.95, 1]","Soil"
"395",1,0,"(-2, 2)   & [0.95, 1]","Soil"
"396",2,0,"(-2, 2)   & [0.95, 1]","Soil"
"397",3,0,"(-2, 2)   & [0.95, 1]","Soil"
"398",4,0,"(-2, 2)   & [0.95, 1]","Soil"
"399",5,0,"(-2, 2)   & [0.95, 1]","Soil"
"400",6,0,"(-2, 2)   & [0.95, 1]","Soil"
"401",7,0,"(-2, 2)   & [0.95, 1]","Soil"
"402",8,0,"(-2, 2)   & [0.95, 1]","Soil"
"403",9,0,"(-2, 2)   & [0.95, 1]","Soil"
"404",10,0,"(-2, 2)   & [0.95, 1]","Soil"
"405",11,0,"(-2, 2)   & [0.95, 1]","Soil"
"406",12,0,"(-2, 2)   & [0.95, 1]","Soil"
"407",13,0,"(-2, 2)   & [0.95, 1]","Soil"
"408",14,0,"(-2, 2)   & [0.95, 1]","Soil"
"409",15,0,"(-2, 2)   & [0.95, 1]","Soil"
"410",16,0,"(-2, 2)   & [0.95, 1]","Soil"
"411",17,0,"(-2, 2)   & [0.95, 1]","Soil"
"412",8,0,"(-2, 2)   & [0.95, 1]","Leaf"
"413",9,0,"(-2, 2)   & [0.95, 1]","Leaf"
"414",10,0,"(-2, 2)   & [0.95, 1]","Leaf"
"415",11,0,"(-2, 2)   & [0.95, 1]","Leaf"
"416",12,0,"(-2, 2)   & [0.95, 1]","Leaf"
"417",13,0,"(-2, 2)   & [0.95, 1]","Leaf"
"418",14,0,"(-2, 2)   & [0.95, 1]","Leaf"
"419",15,0,"(-2, 2)   & [0.95, 1]","Leaf"
"420",16,0,"(-2, 2)   & [0.95, 1]","Leaf"
"421",17,0,"(-2, 2)   & [0.95, 1]","Leaf"
"422",8,0,"(-2, 2)   & [0.95, 1]","Rhizosphere"
"423",9,0,"(-2, 2)   & [0.95, 1]","Rhizosphere"
"424",10,0,"(-2, 2)   & [0.95, 1]","Rhizosphere"
"425",11,0,"(-2, 2)   & [0.95, 1]","Rhizosphere"
"426",12,0,"(-2, 2)   & [0.95, 1]","Rhizosphere"
"427",13,0,"(-2, 2)   & [0.95, 1]","Rhizosphere"
"428",14,0,"(-2, 2)   & [0.95, 1]","Rhizosphere"
"429",15,0,"(-2, 2)   & [0.95, 1]","Rhizosphere"
"430",16,0,"(-2, 2)   & [0.95, 1]","Rhizosphere"
"431",17,0,"(-2, 2)   & [0.95, 1]","Rhizosphere"
"432",8,0,"(-2, 2)   & [0.95, 1]","Root"
"433",9,0,"(-2, 2)   & [0.95, 1]","Root"
"434",10,0,"(-2, 2)   & [0.95, 1]","Root"
"435",11,0,"(-2, 2)   & [0.95, 1]","Root"
"436",12,0,"(-2, 2)   & [0.95, 1]","Root"
"437",13,0,"(-2, 2)   & [0.95, 1]","Root"
"438",14,0,"(-2, 2)   & [0.95, 1]","Root"
"439",15,0,"(-2, 2)   & [0.95, 1]","Root"
"440",16,0,"(-2, 2)   & [0.95, 1]","Root"
"441",17,0,"(-2, 2)   & [0.95, 1]","Root"
"442",0,0,"(-2, 2)   & [0.95, 1]","Soil"
"443",8,0,"(-2, 2)   & [0.95, 1]","Soil"
"444",9,0,"(-2, 2)   & [0.95, 1]","Soil"
"445",10,0,"(-2, 2)   & [0.95, 1]","Soil"
"446",11,0,"(-2, 2)   & [0.95, 1]","Soil"
"447",12,0,"(-2, 2)   & [0.95, 1]","Soil"
"448",13,0,"(-2, 2)   & [0.95, 1]","Soil"
"449",14,0,"(-2, 2)   & [0.95, 1]","Soil"
"450",15,0,"(-2, 2)   & [0.95, 1]","Soil"
"451",16,0,"(-2, 2)   & [0.95, 1]","Soil"
"452",17,0,"(-2, 2)   & [0.95, 1]","Soil"
"453",3,1,"(-2, 2)   & [0.95, 1]","Leaf"
"454",4,0,"(-2, 2)   & [0.95, 1]","Leaf"
"455",5,0,"(-2, 2)   & [0.95, 1]","Leaf"
"456",6,0,"(-2, 2)   & [0.95, 1]","Leaf"
"457",7,0,"(-2, 2)   & [0.95, 1]","Leaf"
"458",8,0,"(-2, 2)   & [0.95, 1]","Leaf"
"459",9,0,"(-2, 2)   & [0.95, 1]","Leaf"
"460",10,0,"(-2, 2)   & [0.95, 1]","Leaf"
"461",11,0,"(-2, 2)   & [0.95, 1]","Leaf"
"462",12,0,"(-2, 2)   & [0.95, 1]","Leaf"
"463",13,0,"(-2, 2)   & [0.95, 1]","Leaf"
"464",14,0,"(-2, 2)   & [0.95, 1]","Leaf"
"465",15,0,"(-2, 2)   & [0.95, 1]","Leaf"
"466",16,0,"(-2, 2)   & [0.95, 1]","Leaf"
"467",17,0,"(-2, 2)   & [0.95, 1]","Leaf"
"468",3,0,"(-2, 2)   & [0.95, 1]","Rhizosphere"
"469",4,0,"(-2, 2)   & [0.95, 1]","Rhizosphere"
"470",5,0,"(-2, 2)   & [0.95, 1]","Rhizosphere"
"471",6,0,"(-2, 2)   & [0.95, 1]","Rhizosphere"
"472",7,0,"(-2, 2)   & [0.95, 1]","Rhizosphere"
"473",8,0,"(-2, 2)   & [0.95, 1]","Rhizosphere"
"474",9,0,"(-2, 2)   & [0.95, 1]","Rhizosphere"
"475",10,0,"(-2, 2)   & [0.95, 1]","Rhizosphere"
"476",11,0,"(-2, 2)   & [0.95, 1]","Rhizosphere"
"477",12,0,"(-2, 2)   & [0.95, 1]","Rhizosphere"
"478",13,0,"(-2, 2)   & [0.95, 1]","Rhizosphere"
"479",14,0,"(-2, 2)   & [0.95, 1]","Rhizosphere"
"480",15,0,"(-2, 2)   & [0.95, 1]","Rhizosphere"
"481",16,0,"(-2, 2)   & [0.95, 1]","Rhizosphere"
"482",17,0,"(-2, 2)   & [0.95, 1]","Rhizosphere"
"483",3,0,"(-2, 2)   & [0.95, 1]","Root"
"484",4,0,"(-2, 2)   & [0.95, 1]","Root"
"485",5,0,"(-2, 2)   & [0.95, 1]","Root"
"486",6,0,"(-2, 2)   & [0.95, 1]","Root"
"487",7,0,"(-2, 2)   & [0.95, 1]","Root"
"488",8,0,"(-2, 2)   & [0.95, 1]","Root"
"489",9,0,"(-2, 2)   & [0.95, 1]","Root"
"490",10,0,"(-2, 2)   & [0.95, 1]","Root"
"491",11,0,"(-2, 2)   & [0.95, 1]","Root"
"492",12,0,"(-2, 2)   & [0.95, 1]","Root"
"493",13,0,"(-2, 2)   & [0.95, 1]","Root"
"494",14,0,"(-2, 2)   & [0.95, 1]","Root"
"495",15,0,"(-2, 2)   & [0.95, 1]","Root"
"496",16,0,"(-2, 2)   & [0.95, 1]","Root"
"497",17,0,"(-2, 2)   & [0.95, 1]","Root"
"498",0,0,"(-2, 2)   & [0.95, 1]","Soil"
"499",3,0,"(-2, 2)   & [0.95, 1]","Soil"
"500",4,0,"(-2, 2)   & [0.95, 1]","Soil"
"501",5,2,"(-2, 2)   & [0.95, 1]","Soil"
"502",6,0,"(-2, 2)   & [0.95, 1]","Soil"
"503",7,0,"(-2, 2)   & [0.95, 1]","Soil"
"504",8,0,"(-2, 2)   & [0.95, 1]","Soil"
"505",9,0,"(-2, 2)   & [0.95, 1]","Soil"
"506",10,0,"(-2, 2)   & [0.95, 1]","Soil"
"507",11,0,"(-2, 2)   & [0.95, 1]","Soil"
"508",12,0,"(-2, 2)   & [0.95, 1]","Soil"
"509",13,0,"(-2, 2)   & [0.95, 1]","Soil"
"510",14,0,"(-2, 2)   & [0.95, 1]","Soil"
"511",15,0,"(-2, 2)   & [0.95, 1]","Soil"
"512",16,0,"(-2, 2)   & [0.95, 1]","Soil"
"513",17,0,"(-2, 2)   & [0.95, 1]","Soil"
"514",1,0,"[2, +∞)  & [0.95, 1]","Leaf"
"515",2,0,"[2, +∞)  & [0.95, 1]","Leaf"
"516",3,0,"[2, +∞)  & [0.95, 1]","Leaf"
"517",4,0,"[2, +∞)  & [0.95, 1]","Leaf"
"518",5,1,"[2, +∞)  & [0.95, 1]","Leaf"
"519",6,0,"[2, +∞)  & [0.95, 1]","Leaf"
"520",7,0,"[2, +∞)  & [0.95, 1]","Leaf"
"521",8,0,"[2, +∞)  & [0.95, 1]","Leaf"
"522",9,0,"[2, +∞)  & [0.95, 1]","Leaf"
"523",10,0,"[2, +∞)  & [0.95, 1]","Leaf"
"524",11,0,"[2, +∞)  & [0.95, 1]","Leaf"
"525",12,0,"[2, +∞)  & [0.95, 1]","Leaf"
"526",13,0,"[2, +∞)  & [0.95, 1]","Leaf"
"527",14,0,"[2, +∞)  & [0.95, 1]","Leaf"
"528",15,0,"[2, +∞)  & [0.95, 1]","Leaf"
"529",16,0,"[2, +∞)  & [0.95, 1]","Leaf"
"530",17,0,"[2, +∞)  & [0.95, 1]","Leaf"
"531",1,0,"[2, +∞)  & [0.95, 1]","Rhizosphere"
"532",2,0,"[2, +∞)  & [0.95, 1]","Rhizosphere"
"533",3,0,"[2, +∞)  & [0.95, 1]","Rhizosphere"
"534",4,0,"[2, +∞)  & [0.95, 1]","Rhizosphere"
"535",5,0,"[2, +∞)  & [0.95, 1]","Rhizosphere"
"536",6,0,"[2, +∞)  & [0.95, 1]","Rhizosphere"
"537",7,0,"[2, +∞)  & [0.95, 1]","Rhizosphere"
"538",8,0,"[2, +∞)  & [0.95, 1]","Rhizosphere"
"539",9,0,"[2, +∞)  & [0.95, 1]","Rhizosphere"
"540",10,0,"[2, +∞)  & [0.95, 1]","Rhizosphere"
"541",11,0,"[2, +∞)  & [0.95, 1]","Rhizosphere"
"542",12,0,"[2, +∞)  & [0.95, 1]","Rhizosphere"
"543",13,0,"[2, +∞)  & [0.95, 1]","Rhizosphere"
"544",14,0,"[2, +∞)  & [0.95, 1]","Rhizosphere"
"545",15,0,"[2, +∞)  & [0.95, 1]","Rhizosphere"
"546",16,0,"[2, +∞)  & [0.95, 1]","Rhizosphere"
"547",17,0,"[2, +∞)  & [0.95, 1]","Rhizosphere"
"548",1,0,"[2, +∞)  & [0.95, 1]","Root"
"549",2,0,"[2, +∞)  & [0.95, 1]","Root"
"550",3,0,"[2, +∞)  & [0.95, 1]","Root"
"551",4,0,"[2, +∞)  & [0.95, 1]","Root"
"552",5,0,"[2, +∞)  & [0.95, 1]","Root"
"553",6,0,"[2, +∞)  & [0.95, 1]","Root"
"554",7,0,"[2, +∞)  & [0.95, 1]","Root"
"555",8,0,"[2, +∞)  & [0.95, 1]","Root"
"556",9,0,"[2, +∞)  & [0.95, 1]","Root"
"557",10,0,"[2, +∞)  & [0.95, 1]","Root"
"558",11,0,"[2, +∞)  & [0.95, 1]","Root"
"559",12,0,"[2, +∞)  & [0.95, 1]","Root"
"560",13,0,"[2, +∞)  & [0.95, 1]","Root"
"561",14,0,"[2, +∞)  & [0.95, 1]","Root"
"562",15,0,"[2, +∞)  & [0.95, 1]","Root"
"563",16,0,"[2, +∞)  & [0.95, 1]","Root"
"564",17,0,"[2, +∞)  & [0.95, 1]","Root"
"565",0,0,"[2, +∞)  & [0.95, 1]","Soil"
"566",1,0,"[2, +∞)  & [0.95, 1]","Soil"
"567",2,0,"[2, +∞)  & [0.95, 1]","Soil"
"568",3,0,"[2, +∞)  & [0.95, 1]","Soil"
"569",4,0,"[2, +∞)  & [0.95, 1]","Soil"
"570",5,0,"[2, +∞)  & [0.95, 1]","Soil"
"571",6,0,"[2, +∞)  & [0.95, 1]","Soil"
"572",7,0,"[2, +∞)  & [0.95, 1]","Soil"
"573",8,0,"[2, +∞)  & [0.95, 1]","Soil"
"574",9,0,"[2, +∞)  & [0.95, 1]","Soil"
"575",10,0,"[2, +∞)  & [0.95, 1]","Soil"
"576",11,0,"[2, +∞)  & [0.95, 1]","Soil"
"577",12,0,"[2, +∞)  & [0.95, 1]","Soil"
"578",13,0,"[2, +∞)  & [0.95, 1]","Soil"
"579",14,0,"[2, +∞)  & [0.95, 1]","Soil"
"580",15,0,"[2, +∞)  & [0.95, 1]","Soil"
"581",16,0,"[2, +∞)  & [0.95, 1]","Soil"
"582",17,0,"[2, +∞)  & [0.95, 1]","Soil"
"583",8,0,"[2, +∞)  & [0.95, 1]","Leaf"
"584",9,0,"[2, +∞)  & [0.95, 1]","Leaf"
"585",10,0,"[2, +∞)  & [0.95, 1]","Leaf"
"586",11,0,"[2, +∞)  & [0.95, 1]","Leaf"
"587",12,0,"[2, +∞)  & [0.95, 1]","Leaf"
"588",13,0,"[2, +∞)  & [0.95, 1]","Leaf"
"589",14,0,"[2, +∞)  & [0.95, 1]","Leaf"
"590",15,0,"[2, +∞)  & [0.95, 1]","Leaf"
"591",16,0,"[2, +∞)  & [0.95, 1]","Leaf"
"592",17,0,"[2, +∞)  & [0.95, 1]","Leaf"
"593",8,0,"[2, +∞)  & [0.95, 1]","Rhizosphere"
"594",9,0,"[2, +∞)  & [0.95, 1]","Rhizosphere"
"595",10,0,"[2, +∞)  & [0.95, 1]","Rhizosphere"
"596",11,0,"[2, +∞)  & [0.95, 1]","Rhizosphere"
"597",12,0,"[2, +∞)  & [0.95, 1]","Rhizosphere"
"598",13,0,"[2, +∞)  & [0.95, 1]","Rhizosphere"
"599",14,0,"[2, +∞)  & [0.95, 1]","Rhizosphere"
"600",15,0,"[2, +∞)  & [0.95, 1]","Rhizosphere"
"601",16,0,"[2, +∞)  & [0.95, 1]","Rhizosphere"
"602",17,0,"[2, +∞)  & [0.95, 1]","Rhizosphere"
"603",8,0,"[2, +∞)  & [0.95, 1]","Root"
"604",9,0,"[2, +∞)  & [0.95, 1]","Root"
"605",10,0,"[2, +∞)  & [0.95, 1]","Root"
"606",11,0,"[2, +∞)  & [0.95, 1]","Root"
"607",12,0,"[2, +∞)  & [0.95, 1]","Root"
"608",13,0,"[2, +∞)  & [0.95, 1]","Root"
"609",14,0,"[2, +∞)  & [0.95, 1]","Root"
"610",15,0,"[2, +∞)  & [0.95, 1]","Root"
"611",16,0,"[2, +∞)  & [0.95, 1]","Root"
"612",17,0,"[2, +∞)  & [0.95, 1]","Root"
"613",0,0,"[2, +∞)  & [0.95, 1]","Soil"
"614",8,0,"[2, +∞)  & [0.95, 1]","Soil"
"615",9,0,"[2, +∞)  & [0.95, 1]","Soil"
"616",10,0,"[2, +∞)  & [0.95, 1]","Soil"
"617",11,0,"[2, +∞)  & [0.95, 1]","Soil"
"618",12,0,"[2, +∞)  & [0.95, 1]","Soil"
"619",13,0,"[2, +∞)  & [0.95, 1]","Soil"
"620",14,0,"[2, +∞)  & [0.95, 1]","Soil"
"621",15,0,"[2, +∞)  & [0.95, 1]","Soil"
"622",16,0,"[2, +∞)  & [0.95, 1]","Soil"
"623",17,0,"[2, +∞)  & [0.95, 1]","Soil"
"624",3,0,"[2, +∞)  & [0.95, 1]","Leaf"
"625",4,0,"[2, +∞)  & [0.95, 1]","Leaf"
"626",5,0,"[2, +∞)  & [0.95, 1]","Leaf"
"627",6,0,"[2, +∞)  & [0.95, 1]","Leaf"
"628",7,0,"[2, +∞)  & [0.95, 1]","Leaf"
"629",8,0,"[2, +∞)  & [0.95, 1]","Leaf"
"630",9,0,"[2, +∞)  & [0.95, 1]","Leaf"
"631",10,0,"[2, +∞)  & [0.95, 1]","Leaf"
"632",11,0,"[2, +∞)  & [0.95, 1]","Leaf"
"633",12,0,"[2, +∞)  & [0.95, 1]","Leaf"
"634",13,0,"[2, +∞)  & [0.95, 1]","Leaf"
"635",14,0,"[2, +∞)  & [0.95, 1]","Leaf"
"636",15,0,"[2, +∞)  & [0.95, 1]","Leaf"
"637",16,0,"[2, +∞)  & [0.95, 1]","Leaf"
"638",17,0,"[2, +∞)  & [0.95, 1]","Leaf"
"639",3,0,"[2, +∞)  & [0.95, 1]","Rhizosphere"
"640",4,0,"[2, +∞)  & [0.95, 1]","Rhizosphere"
"641",5,0,"[2, +∞)  & [0.95, 1]","Rhizosphere"
"642",6,0,"[2, +∞)  & [0.95, 1]","Rhizosphere"
"643",7,0,"[2, +∞)  & [0.95, 1]","Rhizosphere"
"644",8,0,"[2, +∞)  & [0.95, 1]","Rhizosphere"
"645",9,0,"[2, +∞)  & [0.95, 1]","Rhizosphere"
"646",10,0,"[2, +∞)  & [0.95, 1]","Rhizosphere"
"647",11,0,"[2, +∞)  & [0.95, 1]","Rhizosphere"
"648",12,0,"[2, +∞)  & [0.95, 1]","Rhizosphere"
"649",13,0,"[2, +∞)  & [0.95, 1]","Rhizosphere"
"650",14,0,"[2, +∞)  & [0.95, 1]","Rhizosphere"
"651",15,0,"[2, +∞)  & [0.95, 1]","Rhizosphere"
"652",16,0,"[2, +∞)  & [0.95, 1]","Rhizosphere"
"653",17,0,"[2, +∞)  & [0.95, 1]","Rhizosphere"
"654",3,0,"[2, +∞)  & [0.95, 1]","Root"
"655",4,0,"[2, +∞)  & [0.95, 1]","Root"
"656",5,0,"[2, +∞)  & [0.95, 1]","Root"
"657",6,0,"[2, +∞)  & [0.95, 1]","Root"
"658",7,0,"[2, +∞)  & [0.95, 1]","Root"
"659",8,0,"[2, +∞)  & [0.95, 1]","Root"
"660",9,0,"[2, +∞)  & [0.95, 1]","Root"
"661",10,0,"[2, +∞)  & [0.95, 1]","Root"
"662",11,0,"[2, +∞)  & [0.95, 1]","Root"
"663",12,0,"[2, +∞)  & [0.95, 1]","Root"
"664",13,0,"[2, +∞)  & [0.95, 1]","Root"
"665",14,0,"[2, +∞)  & [0.95, 1]","Root"
"666",15,0,"[2, +∞)  & [0.95, 1]","Root"
"667",16,0,"[2, +∞)  & [0.95, 1]","Root"
"668",17,0,"[2, +∞)  & [0.95, 1]","Root"
"669",0,0,"[2, +∞)  & [0.95, 1]","Soil"
"670",3,0,"[2, +∞)  & [0.95, 1]","Soil"
"671",4,0,"[2, +∞)  & [0.95, 1]","Soil"
"672",5,0,"[2, +∞)  & [0.95, 1]","Soil"
"673",6,0,"[2, +∞)  & [0.95, 1]","Soil"
"674",7,0,"[2, +∞)  & [0.95, 1]","Soil"
"675",8,0,"[2, +∞)  & [0.95, 1]","Soil"
"676",9,0,"[2, +∞)  & [0.95, 1]","Soil"
"677",10,0,"[2, +∞)  & [0.95, 1]","Soil"
"678",11,0,"[2, +∞)  & [0.95, 1]","Soil"
"679",12,0,"[2, +∞)  & [0.95, 1]","Soil"
"680",13,0,"[2, +∞)  & [0.95, 1]","Soil"
"681",14,0,"[2, +∞)  & [0.95, 1]","Soil"
"682",15,0,"[2, +∞)  & [0.95, 1]","Soil"
"683",16,0,"[2, +∞)  & [0.95, 1]","Soil"
"684",17,0,"[2, +∞)  & [0.95, 1]","Soil"
"685",1,0,"[2, +∞)  & (-0.95, 0.95)","Leaf"
"686",2,0,"[2, +∞)  & (-0.95, 0.95)","Leaf"
"687",3,0,"[2, +∞)  & (-0.95, 0.95)","Leaf"
"688",4,0,"[2, +∞)  & (-0.95, 0.95)","Leaf"
"689",5,0,"[2, +∞)  & (-0.95, 0.95)","Leaf"
"690",6,0,"[2, +∞)  & (-0.95, 0.95)","Leaf"
"691",7,0,"[2, +∞)  & (-0.95, 0.95)","Leaf"
"692",8,0,"[2, +∞)  & (-0.95, 0.95)","Leaf"
"693",9,0,"[2, +∞)  & (-0.95, 0.95)","Leaf"
"694",10,0,"[2, +∞)  & (-0.95, 0.95)","Leaf"
"695",11,0,"[2, +∞)  & (-0.95, 0.95)","Leaf"
"696",12,0,"[2, +∞)  & (-0.95, 0.95)","Leaf"
"697",13,0,"[2, +∞)  & (-0.95, 0.95)","Leaf"
"698",14,0,"[2, +∞)  & (-0.95, 0.95)","Leaf"
"699",15,0,"[2, +∞)  & (-0.95, 0.95)","Leaf"
"700",16,0,"[2, +∞)  & (-0.95, 0.95)","Leaf"
"701",17,0,"[2, +∞)  & (-0.95, 0.95)","Leaf"
"702",1,0,"[2, +∞)  & (-0.95, 0.95)","Rhizosphere"
"703",2,0,"[2, +∞)  & (-0.95, 0.95)","Rhizosphere"
"704",3,0,"[2, +∞)  & (-0.95, 0.95)","Rhizosphere"
"705",4,0,"[2, +∞)  & (-0.95, 0.95)","Rhizosphere"
"706",5,0,"[2, +∞)  & (-0.95, 0.95)","Rhizosphere"
"707",6,0,"[2, +∞)  & (-0.95, 0.95)","Rhizosphere"
"708",7,0,"[2, +∞)  & (-0.95, 0.95)","Rhizosphere"
"709",8,0,"[2, +∞)  & (-0.95, 0.95)","Rhizosphere"
"710",9,0,"[2, +∞)  & (-0.95, 0.95)","Rhizosphere"
"711",10,0,"[2, +∞)  & (-0.95, 0.95)","Rhizosphere"
"712",11,0,"[2, +∞)  & (-0.95, 0.95)","Rhizosphere"
"713",12,0,"[2, +∞)  & (-0.95, 0.95)","Rhizosphere"
"714",13,0,"[2, +∞)  & (-0.95, 0.95)","Rhizosphere"
"715",14,0,"[2, +∞)  & (-0.95, 0.95)","Rhizosphere"
"716",15,0,"[2, +∞)  & (-0.95, 0.95)","Rhizosphere"
"717",16,1,"[2, +∞)  & (-0.95, 0.95)","Rhizosphere"
"718",17,0,"[2, +∞)  & (-0.95, 0.95)","Rhizosphere"
"719",1,0,"[2, +∞)  & (-0.95, 0.95)","Root"
"720",2,0,"[2, +∞)  & (-0.95, 0.95)","Root"
"721",3,0,"[2, +∞)  & (-0.95, 0.95)","Root"
"722",4,0,"[2, +∞)  & (-0.95, 0.95)","Root"
"723",5,0,"[2, +∞)  & (-0.95, 0.95)","Root"
"724",6,0,"[2, +∞)  & (-0.95, 0.95)","Root"
"725",7,0,"[2, +∞)  & (-0.95, 0.95)","Root"
"726",8,0,"[2, +∞)  & (-0.95, 0.95)","Root"
"727",9,0,"[2, +∞)  & (-0.95, 0.95)","Root"
"728",10,0,"[2, +∞)  & (-0.95, 0.95)","Root"
"729",11,0,"[2, +∞)  & (-0.95, 0.95)","Root"
"730",12,0,"[2, +∞)  & (-0.95, 0.95)","Root"
"731",13,0,"[2, +∞)  & (-0.95, 0.95)","Root"
"732",14,0,"[2, +∞)  & (-0.95, 0.95)","Root"
"733",15,0,"[2, +∞)  & (-0.95, 0.95)","Root"
"734",16,0,"[2, +∞)  & (-0.95, 0.95)","Root"
"735",17,0,"[2, +∞)  & (-0.95, 0.95)","Root"
"736",0,0,"[2, +∞)  & (-0.95, 0.95)","Soil"
"737",1,0,"[2, +∞)  & (-0.95, 0.95)","Soil"
"738",2,0,"[2, +∞)  & (-0.95, 0.95)","Soil"
"739",3,0,"[2, +∞)  & (-0.95, 0.95)","Soil"
"740",4,0,"[2, +∞)  & (-0.95, 0.95)","Soil"
"741",5,0,"[2, +∞)  & (-0.95, 0.95)","Soil"
"742",6,0,"[2, +∞)  & (-0.95, 0.95)","Soil"
"743",7,0,"[2, +∞)  & (-0.95, 0.95)","Soil"
"744",8,0,"[2, +∞)  & (-0.95, 0.95)","Soil"
"745",9,0,"[2, +∞)  & (-0.95, 0.95)","Soil"
"746",10,0,"[2, +∞)  & (-0.95, 0.95)","Soil"
"747",11,0,"[2, +∞)  & (-0.95, 0.95)","Soil"
"748",12,1,"[2, +∞)  & (-0.95, 0.95)","Soil"
"749",13,0,"[2, +∞)  & (-0.95, 0.95)","Soil"
"750",14,0,"[2, +∞)  & (-0.95, 0.95)","Soil"
"751",15,0,"[2, +∞)  & (-0.95, 0.95)","Soil"
"752",16,0,"[2, +∞)  & (-0.95, 0.95)","Soil"
"753",17,0,"[2, +∞)  & (-0.95, 0.95)","Soil"
"754",8,0,"[2, +∞)  & (-0.95, 0.95)","Leaf"
"755",9,0,"[2, +∞)  & (-0.95, 0.95)","Leaf"
"756",10,0,"[2, +∞)  & (-0.95, 0.95)","Leaf"
"757",11,0,"[2, +∞)  & (-0.95, 0.95)","Leaf"
"758",12,0,"[2, +∞)  & (-0.95, 0.95)","Leaf"
"759",13,0,"[2, +∞)  & (-0.95, 0.95)","Leaf"
"760",14,0,"[2, +∞)  & (-0.95, 0.95)","Leaf"
"761",15,0,"[2, +∞)  & (-0.95, 0.95)","Leaf"
"762",16,0,"[2, +∞)  & (-0.95, 0.95)","Leaf"
"763",17,0,"[2, +∞)  & (-0.95, 0.95)","Leaf"
"764",8,0,"[2, +∞)  & (-0.95, 0.95)","Rhizosphere"
"765",9,0,"[2, +∞)  & (-0.95, 0.95)","Rhizosphere"
"766",10,0,"[2, +∞)  & (-0.95, 0.95)","Rhizosphere"
"767",11,0,"[2, +∞)  & (-0.95, 0.95)","Rhizosphere"
"768",12,0,"[2, +∞)  & (-0.95, 0.95)","Rhizosphere"
"769",13,0,"[2, +∞)  & (-0.95, 0.95)","Rhizosphere"
"770",14,0,"[2, +∞)  & (-0.95, 0.95)","Rhizosphere"
"771",15,0,"[2, +∞)  & (-0.95, 0.95)","Rhizosphere"
"772",16,0,"[2, +∞)  & (-0.95, 0.95)","Rhizosphere"
"773",17,0,"[2, +∞)  & (-0.95, 0.95)","Rhizosphere"
"774",8,0,"[2, +∞)  & (-0.95, 0.95)","Root"
"775",9,0,"[2, +∞)  & (-0.95, 0.95)","Root"
"776",10,0,"[2, +∞)  & (-0.95, 0.95)","Root"
"777",11,0,"[2, +∞)  & (-0.95, 0.95)","Root"
"778",12,0,"[2, +∞)  & (-0.95, 0.95)","Root"
"779",13,0,"[2, +∞)  & (-0.95, 0.95)","Root"
"780",14,0,"[2, +∞)  & (-0.95, 0.95)","Root"
"781",15,0,"[2, +∞)  & (-0.95, 0.95)","Root"
"782",16,0,"[2, +∞)  & (-0.95, 0.95)","Root"
"783",17,0,"[2, +∞)  & (-0.95, 0.95)","Root"
"784",0,0,"[2, +∞)  & (-0.95, 0.95)","Soil"
"785",8,0,"[2, +∞)  & (-0.95, 0.95)","Soil"
"786",9,0,"[2, +∞)  & (-0.95, 0.95)","Soil"
"787",10,0,"[2, +∞)  & (-0.95, 0.95)","Soil"
"788",11,0,"[2, +∞)  & (-0.95, 0.95)","Soil"
"789",12,0,"[2, +∞)  & (-0.95, 0.95)","Soil"
"790",13,0,"[2, +∞)  & (-0.95, 0.95)","Soil"
"791",14,0,"[2, +∞)  & (-0.95, 0.95)","Soil"
"792",15,0,"[2, +∞)  & (-0.95, 0.95)","Soil"
"793",16,0,"[2, +∞)  & (-0.95, 0.95)","Soil"
"794",17,0,"[2, +∞)  & (-0.95, 0.95)","Soil"
"795",3,0,"[2, +∞)  & (-0.95, 0.95)","Leaf"
"796",4,0,"[2, +∞)  & (-0.95, 0.95)","Leaf"
"797",5,0,"[2, +∞)  & (-0.95, 0.95)","Leaf"
"798",6,0,"[2, +∞)  & (-0.95, 0.95)","Leaf"
"799",7,0,"[2, +∞)  & (-0.95, 0.95)","Leaf"
"800",8,0,"[2, +∞)  & (-0.95, 0.95)","Leaf"
"801",9,0,"[2, +∞)  & (-0.95, 0.95)","Leaf"
"802",10,0,"[2, +∞)  & (-0.95, 0.95)","Leaf"
"803",11,0,"[2, +∞)  & (-0.95, 0.95)","Leaf"
"804",12,0,"[2, +∞)  & (-0.95, 0.95)","Leaf"
"805",13,0,"[2, +∞)  & (-0.95, 0.95)","Leaf"
"806",14,0,"[2, +∞)  & (-0.95, 0.95)","Leaf"
"807",15,0,"[2, +∞)  & (-0.95, 0.95)","Leaf"
"808",16,0,"[2, +∞)  & (-0.95, 0.95)","Leaf"
"809",17,0,"[2, +∞)  & (-0.95, 0.95)","Leaf"
"810",3,0,"[2, +∞)  & (-0.95, 0.95)","Rhizosphere"
"811",4,0,"[2, +∞)  & (-0.95, 0.95)","Rhizosphere"
"812",5,0,"[2, +∞)  & (-0.95, 0.95)","Rhizosphere"
"813",6,0,"[2, +∞)  & (-0.95, 0.95)","Rhizosphere"
"814",7,0,"[2, +∞)  & (-0.95, 0.95)","Rhizosphere"
"815",8,0,"[2, +∞)  & (-0.95, 0.95)","Rhizosphere"
"816",9,1,"[2, +∞)  & (-0.95, 0.95)","Rhizosphere"
"817",10,0,"[2, +∞)  & (-0.95, 0.95)","Rhizosphere"
"818",11,0,"[2, +∞)  & (-0.95, 0.95)","Rhizosphere"
"819",12,0,"[2, +∞)  & (-0.95, 0.95)","Rhizosphere"
"820",13,0,"[2, +∞)  & (-0.95, 0.95)","Rhizosphere"
"821",14,0,"[2, +∞)  & (-0.95, 0.95)","Rhizosphere"
"822",15,0,"[2, +∞)  & (-0.95, 0.95)","Rhizosphere"
"823",16,0,"[2, +∞)  & (-0.95, 0.95)","Rhizosphere"
"824",17,0,"[2, +∞)  & (-0.95, 0.95)","Rhizosphere"
"825",3,0,"[2, +∞)  & (-0.95, 0.95)","Root"
"826",4,0,"[2, +∞)  & (-0.95, 0.95)","Root"
"827",5,0,"[2, +∞)  & (-0.95, 0.95)","Root"
"828",6,0,"[2, +∞)  & (-0.95, 0.95)","Root"
"829",7,0,"[2, +∞)  & (-0.95, 0.95)","Root"
"830",8,0,"[2, +∞)  & (-0.95, 0.95)","Root"
"831",9,0,"[2, +∞)  & (-0.95, 0.95)","Root"
"832",10,0,"[2, +∞)  & (-0.95, 0.95)","Root"
"833",11,0,"[2, +∞)  & (-0.95, 0.95)","Root"
"834",12,0,"[2, +∞)  & (-0.95, 0.95)","Root"
"835",13,0,"[2, +∞)  & (-0.95, 0.95)","Root"
"836",14,0,"[2, +∞)  & (-0.95, 0.95)","Root"
"837",15,0,"[2, +∞)  & (-0.95, 0.95)","Root"
"838",16,0,"[2, +∞)  & (-0.95, 0.95)","Root"
"839",17,0,"[2, +∞)  & (-0.95, 0.95)","Root"
"840",0,0,"[2, +∞)  & (-0.95, 0.95)","Soil"
"841",3,0,"[2, +∞)  & (-0.95, 0.95)","Soil"
"842",4,0,"[2, +∞)  & (-0.95, 0.95)","Soil"
"843",5,0,"[2, +∞)  & (-0.95, 0.95)","Soil"
"844",6,0,"[2, +∞)  & (-0.95, 0.95)","Soil"
"845",7,0,"[2, +∞)  & (-0.95, 0.95)","Soil"
"846",8,0,"[2, +∞)  & (-0.95, 0.95)","Soil"
"847",9,0,"[2, +∞)  & (-0.95, 0.95)","Soil"
"848",10,0,"[2, +∞)  & (-0.95, 0.95)","Soil"
"849",11,0,"[2, +∞)  & (-0.95, 0.95)","Soil"
"850",12,0,"[2, +∞)  & (-0.95, 0.95)","Soil"
"851",13,0,"[2, +∞)  & (-0.95, 0.95)","Soil"
"852",14,0,"[2, +∞)  & (-0.95, 0.95)","Soil"
"853",15,0,"[2, +∞)  & (-0.95, 0.95)","Soil"
"854",16,0,"[2, +∞)  & (-0.95, 0.95)","Soil"
"855",17,0,"[2, +∞)  & (-0.95, 0.95)","Soil"
"856",1,0,"[2, +∞)  & [-1, -0.95]","Leaf"
"857",2,0,"[2, +∞)  & [-1, -0.95]","Leaf"
"858",3,0,"[2, +∞)  & [-1, -0.95]","Leaf"
"859",4,0,"[2, +∞)  & [-1, -0.95]","Leaf"
"860",5,0,"[2, +∞)  & [-1, -0.95]","Leaf"
"861",6,0,"[2, +∞)  & [-1, -0.95]","Leaf"
"862",7,0,"[2, +∞)  & [-1, -0.95]","Leaf"
"863",8,0,"[2, +∞)  & [-1, -0.95]","Leaf"
"864",9,0,"[2, +∞)  & [-1, -0.95]","Leaf"
"865",10,0,"[2, +∞)  & [-1, -0.95]","Leaf"
"866",11,0,"[2, +∞)  & [-1, -0.95]","Leaf"
"867",12,0,"[2, +∞)  & [-1, -0.95]","Leaf"
"868",13,0,"[2, +∞)  & [-1, -0.95]","Leaf"
"869",14,0,"[2, +∞)  & [-1, -0.95]","Leaf"
"870",15,0,"[2, +∞)  & [-1, -0.95]","Leaf"
"871",16,0,"[2, +∞)  & [-1, -0.95]","Leaf"
"872",17,0,"[2, +∞)  & [-1, -0.95]","Leaf"
"873",1,0,"[2, +∞)  & [-1, -0.95]","Rhizosphere"
"874",2,0,"[2, +∞)  & [-1, -0.95]","Rhizosphere"
"875",3,0,"[2, +∞)  & [-1, -0.95]","Rhizosphere"
"876",4,0,"[2, +∞)  & [-1, -0.95]","Rhizosphere"
"877",5,0,"[2, +∞)  & [-1, -0.95]","Rhizosphere"
"878",6,0,"[2, +∞)  & [-1, -0.95]","Rhizosphere"
"879",7,0,"[2, +∞)  & [-1, -0.95]","Rhizosphere"
"880",8,0,"[2, +∞)  & [-1, -0.95]","Rhizosphere"
"881",9,0,"[2, +∞)  & [-1, -0.95]","Rhizosphere"
"882",10,0,"[2, +∞)  & [-1, -0.95]","Rhizosphere"
"883",11,0,"[2, +∞)  & [-1, -0.95]","Rhizosphere"
"884",12,0,"[2, +∞)  & [-1, -0.95]","Rhizosphere"
"885",13,0,"[2, +∞)  & [-1, -0.95]","Rhizosphere"
"886",14,0,"[2, +∞)  & [-1, -0.95]","Rhizosphere"
"887",15,0,"[2, +∞)  & [-1, -0.95]","Rhizosphere"
"888",16,0,"[2, +∞)  & [-1, -0.95]","Rhizosphere"
"889",17,0,"[2, +∞)  & [-1, -0.95]","Rhizosphere"
"890",1,0,"[2, +∞)  & [-1, -0.95]","Root"
"891",2,0,"[2, +∞)  & [-1, -0.95]","Root"
"892",3,0,"[2, +∞)  & [-1, -0.95]","Root"
"893",4,0,"[2, +∞)  & [-1, -0.95]","Root"
"894",5,0,"[2, +∞)  & [-1, -0.95]","Root"
"895",6,0,"[2, +∞)  & [-1, -0.95]","Root"
"896",7,0,"[2, +∞)  & [-1, -0.95]","Root"
"897",8,0,"[2, +∞)  & [-1, -0.95]","Root"
"898",9,0,"[2, +∞)  & [-1, -0.95]","Root"
"899",10,0,"[2, +∞)  & [-1, -0.95]","Root"
"900",11,1,"[2, +∞)  & [-1, -0.95]","Root"
"901",12,0,"[2, +∞)  & [-1, -0.95]","Root"
"902",13,0,"[2, +∞)  & [-1, -0.95]","Root"
"903",14,0,"[2, +∞)  & [-1, -0.95]","Root"
"904",15,0,"[2, +∞)  & [-1, -0.95]","Root"
"905",16,0,"[2, +∞)  & [-1, -0.95]","Root"
"906",17,0,"[2, +∞)  & [-1, -0.95]","Root"
"907",0,0,"[2, +∞)  & [-1, -0.95]","Soil"
"908",1,0,"[2, +∞)  & [-1, -0.95]","Soil"
"909",2,0,"[2, +∞)  & [-1, -0.95]","Soil"
"910",3,0,"[2, +∞)  & [-1, -0.95]","Soil"
"911",4,0,"[2, +∞)  & [-1, -0.95]","Soil"
"912",5,1,"[2, +∞)  & [-1, -0.95]","Soil"
"913",6,0,"[2, +∞)  & [-1, -0.95]","Soil"
"914",7,3,"[2, +∞)  & [-1, -0.95]","Soil"
"915",8,1,"[2, +∞)  & [-1, -0.95]","Soil"
"916",9,0,"[2, +∞)  & [-1, -0.95]","Soil"
"917",10,0,"[2, +∞)  & [-1, -0.95]","Soil"
"918",11,0,"[2, +∞)  & [-1, -0.95]","Soil"
"919",12,0,"[2, +∞)  & [-1, -0.95]","Soil"
"920",13,0,"[2, +∞)  & [-1, -0.95]","Soil"
"921",14,0,"[2, +∞)  & [-1, -0.95]","Soil"
"922",15,0,"[2, +∞)  & [-1, -0.95]","Soil"
"923",16,0,"[2, +∞)  & [-1, -0.95]","Soil"
"924",17,0,"[2, +∞)  & [-1, -0.95]","Soil"
"925",8,0,"[2, +∞)  & [-1, -0.95]","Leaf"
"926",9,0,"[2, +∞)  & [-1, -0.95]","Leaf"
"927",10,0,"[2, +∞)  & [-1, -0.95]","Leaf"
"928",11,0,"[2, +∞)  & [-1, -0.95]","Leaf"
"929",12,0,"[2, +∞)  & [-1, -0.95]","Leaf"
"930",13,0,"[2, +∞)  & [-1, -0.95]","Leaf"
"931",14,0,"[2, +∞)  & [-1, -0.95]","Leaf"
"932",15,0,"[2, +∞)  & [-1, -0.95]","Leaf"
"933",16,0,"[2, +∞)  & [-1, -0.95]","Leaf"
"934",17,0,"[2, +∞)  & [-1, -0.95]","Leaf"
"935",8,0,"[2, +∞)  & [-1, -0.95]","Rhizosphere"
"936",9,0,"[2, +∞)  & [-1, -0.95]","Rhizosphere"
"937",10,0,"[2, +∞)  & [-1, -0.95]","Rhizosphere"
"938",11,0,"[2, +∞)  & [-1, -0.95]","Rhizosphere"
"939",12,0,"[2, +∞)  & [-1, -0.95]","Rhizosphere"
"940",13,0,"[2, +∞)  & [-1, -0.95]","Rhizosphere"
"941",14,1,"[2, +∞)  & [-1, -0.95]","Rhizosphere"
"942",15,0,"[2, +∞)  & [-1, -0.95]","Rhizosphere"
"943",16,2,"[2, +∞)  & [-1, -0.95]","Rhizosphere"
"944",17,0,"[2, +∞)  & [-1, -0.95]","Rhizosphere"
"945",8,0,"[2, +∞)  & [-1, -0.95]","Root"
"946",9,0,"[2, +∞)  & [-1, -0.95]","Root"
"947",10,0,"[2, +∞)  & [-1, -0.95]","Root"
"948",11,2,"[2, +∞)  & [-1, -0.95]","Root"
"949",12,0,"[2, +∞)  & [-1, -0.95]","Root"
"950",13,0,"[2, +∞)  & [-1, -0.95]","Root"
"951",14,0,"[2, +∞)  & [-1, -0.95]","Root"
"952",15,1,"[2, +∞)  & [-1, -0.95]","Root"
"953",16,0,"[2, +∞)  & [-1, -0.95]","Root"
"954",17,0,"[2, +∞)  & [-1, -0.95]","Root"
"955",0,0,"[2, +∞)  & [-1, -0.95]","Soil"
"956",8,0,"[2, +∞)  & [-1, -0.95]","Soil"
"957",9,0,"[2, +∞)  & [-1, -0.95]","Soil"
"958",10,0,"[2, +∞)  & [-1, -0.95]","Soil"
"959",11,0,"[2, +∞)  & [-1, -0.95]","Soil"
"960",12,0,"[2, +∞)  & [-1, -0.95]","Soil"
"961",13,1,"[2, +∞)  & [-1, -0.95]","Soil"
"962",14,0,"[2, +∞)  & [-1, -0.95]","Soil"
"963",15,0,"[2, +∞)  & [-1, -0.95]","Soil"
"964",16,0,"[2, +∞)  & [-1, -0.95]","Soil"
"965",17,0,"[2, +∞)  & [-1, -0.95]","Soil"
"966",3,0,"[2, +∞)  & [-1, -0.95]","Leaf"
"967",4,0,"[2, +∞)  & [-1, -0.95]","Leaf"
"968",5,0,"[2, +∞)  & [-1, -0.95]","Leaf"
"969",6,0,"[2, +∞)  & [-1, -0.95]","Leaf"
"970",7,0,"[2, +∞)  & [-1, -0.95]","Leaf"
"971",8,0,"[2, +∞)  & [-1, -0.95]","Leaf"
"972",9,0,"[2, +∞)  & [-1, -0.95]","Leaf"
"973",10,0,"[2, +∞)  & [-1, -0.95]","Leaf"
"974",11,0,"[2, +∞)  & [-1, -0.95]","Leaf"
"975",12,0,"[2, +∞)  & [-1, -0.95]","Leaf"
"976",13,0,"[2, +∞)  & [-1, -0.95]","Leaf"
"977",14,0,"[2, +∞)  & [-1, -0.95]","Leaf"
"978",15,0,"[2, +∞)  & [-1, -0.95]","Leaf"
"979",16,0,"[2, +∞)  & [-1, -0.95]","Leaf"
"980",17,0,"[2, +∞)  & [-1, -0.95]","Leaf"
"981",3,0,"[2, +∞)  & [-1, -0.95]","Rhizosphere"
"982",4,0,"[2, +∞)  & [-1, -0.95]","Rhizosphere"
"983",5,0,"[2, +∞)  & [-1, -0.95]","Rhizosphere"
"984",6,0,"[2, +∞)  & [-1, -0.95]","Rhizosphere"
"985",7,0,"[2, +∞)  & [-1, -0.95]","Rhizosphere"
"986",8,0,"[2, +∞)  & [-1, -0.95]","Rhizosphere"
"987",9,0,"[2, +∞)  & [-1, -0.95]","Rhizosphere"
"988",10,0,"[2, +∞)  & [-1, -0.95]","Rhizosphere"
"989",11,0,"[2, +∞)  & [-1, -0.95]","Rhizosphere"
"990",12,0,"[2, +∞)  & [-1, -0.95]","Rhizosphere"
"991",13,0,"[2, +∞)  & [-1, -0.95]","Rhizosphere"
"992",14,0,"[2, +∞)  & [-1, -0.95]","Rhizosphere"
"993",15,0,"[2, +∞)  & [-1, -0.95]","Rhizosphere"
"994",16,0,"[2, +∞)  & [-1, -0.95]","Rhizosphere"
"995",17,0,"[2, +∞)  & [-1, -0.95]","Rhizosphere"
"996",3,0,"[2, +∞)  & [-1, -0.95]","Root"
"997",4,0,"[2, +∞)  & [-1, -0.95]","Root"
"998",5,0,"[2, +∞)  & [-1, -0.95]","Root"
"999",6,0,"[2, +∞)  & [-1, -0.95]","Root"
"1000",7,0,"[2, +∞)  & [-1, -0.95]","Root"
"1001",8,0,"[2, +∞)  & [-1, -0.95]","Root"
"1002",9,0,"[2, +∞)  & [-1, -0.95]","Root"
"1003",10,0,"[2, +∞)  & [-1, -0.95]","Root"
"1004",11,0,"[2, +∞)  & [-1, -0.95]","Root"
"1005",12,0,"[2, +∞)  & [-1, -0.95]","Root"
"1006",13,0,"[2, +∞)  & [-1, -0.95]","Root"
"1007",14,0,"[2, +∞)  & [-1, -0.95]","Root"
"1008",15,0,"[2, +∞)  & [-1, -0.95]","Root"
"1009",16,0,"[2, +∞)  & [-1, -0.95]","Root"
"1010",17,0,"[2, +∞)  & [-1, -0.95]","Root"
"1011",0,0,"[2, +∞)  & [-1, -0.95]","Soil"
"1012",3,3,"[2, +∞)  & [-1, -0.95]","Soil"
"1013",4,0,"[2, +∞)  & [-1, -0.95]","Soil"
"1014",5,0,"[2, +∞)  & [-1, -0.95]","Soil"
"1015",6,0,"[2, +∞)  & [-1, -0.95]","Soil"
"1016",7,0,"[2, +∞)  & [-1, -0.95]","Soil"
"1017",8,0,"[2, +∞)  & [-1, -0.95]","Soil"
"1018",9,0,"[2, +∞)  & [-1, -0.95]","Soil"
"1019",10,0,"[2, +∞)  & [-1, -0.95]","Soil"
"1020",11,0,"[2, +∞)  & [-1, -0.95]","Soil"
"1021",12,0,"[2, +∞)  & [-1, -0.95]","Soil"
"1022",13,0,"[2, +∞)  & [-1, -0.95]","Soil"
"1023",14,1,"[2, +∞)  & [-1, -0.95]","Soil"
"1024",15,0,"[2, +∞)  & [-1, -0.95]","Soil"
"1025",16,0,"[2, +∞)  & [-1, -0.95]","Soil"
"1026",17,0,"[2, +∞)  & [-1, -0.95]","Soil"
"1027",1,0,"(-∞, -2] & [0.95, 1]","Leaf"
"1028",2,0,"(-∞, -2] & [0.95, 1]","Leaf"
"1029",3,1,"(-∞, -2] & [0.95, 1]","Leaf"
"1030",4,0,"(-∞, -2] & [0.95, 1]","Leaf"
"1031",5,1,"(-∞, -2] & [0.95, 1]","Leaf"
"1032",6,0,"(-∞, -2] & [0.95, 1]","Leaf"
"1033",7,0,"(-∞, -2] & [0.95, 1]","Leaf"
"1034",8,0,"(-∞, -2] & [0.95, 1]","Leaf"
"1035",9,0,"(-∞, -2] & [0.95, 1]","Leaf"
"1036",10,0,"(-∞, -2] & [0.95, 1]","Leaf"
"1037",11,0,"(-∞, -2] & [0.95, 1]","Leaf"
"1038",12,0,"(-∞, -2] & [0.95, 1]","Leaf"
"1039",13,0,"(-∞, -2] & [0.95, 1]","Leaf"
"1040",14,0,"(-∞, -2] & [0.95, 1]","Leaf"
"1041",15,0,"(-∞, -2] & [0.95, 1]","Leaf"
"1042",16,0,"(-∞, -2] & [0.95, 1]","Leaf"
"1043",17,0,"(-∞, -2] & [0.95, 1]","Leaf"
"1044",1,0,"(-∞, -2] & [0.95, 1]","Rhizosphere"
"1045",2,0,"(-∞, -2] & [0.95, 1]","Rhizosphere"
"1046",3,0,"(-∞, -2] & [0.95, 1]","Rhizosphere"
"1047",4,0,"(-∞, -2] & [0.95, 1]","Rhizosphere"
"1048",5,0,"(-∞, -2] & [0.95, 1]","Rhizosphere"
"1049",6,0,"(-∞, -2] & [0.95, 1]","Rhizosphere"
"1050",7,0,"(-∞, -2] & [0.95, 1]","Rhizosphere"
"1051",8,0,"(-∞, -2] & [0.95, 1]","Rhizosphere"
"1052",9,0,"(-∞, -2] & [0.95, 1]","Rhizosphere"
"1053",10,0,"(-∞, -2] & [0.95, 1]","Rhizosphere"
"1054",11,0,"(-∞, -2] & [0.95, 1]","Rhizosphere"
"1055",12,0,"(-∞, -2] & [0.95, 1]","Rhizosphere"
"1056",13,0,"(-∞, -2] & [0.95, 1]","Rhizosphere"
"1057",14,0,"(-∞, -2] & [0.95, 1]","Rhizosphere"
"1058",15,0,"(-∞, -2] & [0.95, 1]","Rhizosphere"
"1059",16,0,"(-∞, -2] & [0.95, 1]","Rhizosphere"
"1060",17,0,"(-∞, -2] & [0.95, 1]","Rhizosphere"
"1061",1,0,"(-∞, -2] & [0.95, 1]","Root"
"1062",2,0,"(-∞, -2] & [0.95, 1]","Root"
"1063",3,0,"(-∞, -2] & [0.95, 1]","Root"
"1064",4,0,"(-∞, -2] & [0.95, 1]","Root"
"1065",5,0,"(-∞, -2] & [0.95, 1]","Root"
"1066",6,0,"(-∞, -2] & [0.95, 1]","Root"
"1067",7,0,"(-∞, -2] & [0.95, 1]","Root"
"1068",8,0,"(-∞, -2] & [0.95, 1]","Root"
"1069",9,0,"(-∞, -2] & [0.95, 1]","Root"
"1070",10,0,"(-∞, -2] & [0.95, 1]","Root"
"1071",11,0,"(-∞, -2] & [0.95, 1]","Root"
"1072",12,0,"(-∞, -2] & [0.95, 1]","Root"
"1073",13,0,"(-∞, -2] & [0.95, 1]","Root"
"1074",14,0,"(-∞, -2] & [0.95, 1]","Root"
"1075",15,0,"(-∞, -2] & [0.95, 1]","Root"
"1076",16,0,"(-∞, -2] & [0.95, 1]","Root"
"1077",17,0,"(-∞, -2] & [0.95, 1]","Root"
"1078",0,0,"(-∞, -2] & [0.95, 1]","Soil"
"1079",1,0,"(-∞, -2] & [0.95, 1]","Soil"
"1080",2,0,"(-∞, -2] & [0.95, 1]","Soil"
"1081",3,0,"(-∞, -2] & [0.95, 1]","Soil"
"1082",4,0,"(-∞, -2] & [0.95, 1]","Soil"
"1083",5,0,"(-∞, -2] & [0.95, 1]","Soil"
"1084",6,0,"(-∞, -2] & [0.95, 1]","Soil"
"1085",7,0,"(-∞, -2] & [0.95, 1]","Soil"
"1086",8,0,"(-∞, -2] & [0.95, 1]","Soil"
"1087",9,0,"(-∞, -2] & [0.95, 1]","Soil"
"1088",10,0,"(-∞, -2] & [0.95, 1]","Soil"
"1089",11,0,"(-∞, -2] & [0.95, 1]","Soil"
"1090",12,0,"(-∞, -2] & [0.95, 1]","Soil"
"1091",13,0,"(-∞, -2] & [0.95, 1]","Soil"
"1092",14,0,"(-∞, -2] & [0.95, 1]","Soil"
"1093",15,0,"(-∞, -2] & [0.95, 1]","Soil"
"1094",16,0,"(-∞, -2] & [0.95, 1]","Soil"
"1095",17,0,"(-∞, -2] & [0.95, 1]","Soil"
"1096",8,0,"(-∞, -2] & [0.95, 1]","Leaf"
"1097",9,0,"(-∞, -2] & [0.95, 1]","Leaf"
"1098",10,0,"(-∞, -2] & [0.95, 1]","Leaf"
"1099",11,0,"(-∞, -2] & [0.95, 1]","Leaf"
"1100",12,0,"(-∞, -2] & [0.95, 1]","Leaf"
"1101",13,0,"(-∞, -2] & [0.95, 1]","Leaf"
"1102",14,0,"(-∞, -2] & [0.95, 1]","Leaf"
"1103",15,0,"(-∞, -2] & [0.95, 1]","Leaf"
"1104",16,0,"(-∞, -2] & [0.95, 1]","Leaf"
"1105",17,0,"(-∞, -2] & [0.95, 1]","Leaf"
"1106",8,0,"(-∞, -2] & [0.95, 1]","Rhizosphere"
"1107",9,0,"(-∞, -2] & [0.95, 1]","Rhizosphere"
"1108",10,0,"(-∞, -2] & [0.95, 1]","Rhizosphere"
"1109",11,0,"(-∞, -2] & [0.95, 1]","Rhizosphere"
"1110",12,0,"(-∞, -2] & [0.95, 1]","Rhizosphere"
"1111",13,0,"(-∞, -2] & [0.95, 1]","Rhizosphere"
"1112",14,0,"(-∞, -2] & [0.95, 1]","Rhizosphere"
"1113",15,0,"(-∞, -2] & [0.95, 1]","Rhizosphere"
"1114",16,0,"(-∞, -2] & [0.95, 1]","Rhizosphere"
"1115",17,0,"(-∞, -2] & [0.95, 1]","Rhizosphere"
"1116",8,0,"(-∞, -2] & [0.95, 1]","Root"
"1117",9,0,"(-∞, -2] & [0.95, 1]","Root"
"1118",10,0,"(-∞, -2] & [0.95, 1]","Root"
"1119",11,0,"(-∞, -2] & [0.95, 1]","Root"
"1120",12,0,"(-∞, -2] & [0.95, 1]","Root"
"1121",13,0,"(-∞, -2] & [0.95, 1]","Root"
"1122",14,0,"(-∞, -2] & [0.95, 1]","Root"
"1123",15,0,"(-∞, -2] & [0.95, 1]","Root"
"1124",16,0,"(-∞, -2] & [0.95, 1]","Root"
"1125",17,0,"(-∞, -2] & [0.95, 1]","Root"
"1126",0,0,"(-∞, -2] & [0.95, 1]","Soil"
"1127",8,0,"(-∞, -2] & [0.95, 1]","Soil"
"1128",9,0,"(-∞, -2] & [0.95, 1]","Soil"
"1129",10,0,"(-∞, -2] & [0.95, 1]","Soil"
"1130",11,0,"(-∞, -2] & [0.95, 1]","Soil"
"1131",12,0,"(-∞, -2] & [0.95, 1]","Soil"
"1132",13,0,"(-∞, -2] & [0.95, 1]","Soil"
"1133",14,0,"(-∞, -2] & [0.95, 1]","Soil"
"1134",15,0,"(-∞, -2] & [0.95, 1]","Soil"
"1135",16,0,"(-∞, -2] & [0.95, 1]","Soil"
"1136",17,0,"(-∞, -2] & [0.95, 1]","Soil"
"1137",3,0,"(-∞, -2] & [0.95, 1]","Leaf"
"1138",4,0,"(-∞, -2] & [0.95, 1]","Leaf"
"1139",5,0,"(-∞, -2] & [0.95, 1]","Leaf"
"1140",6,0,"(-∞, -2] & [0.95, 1]","Leaf"
"1141",7,0,"(-∞, -2] & [0.95, 1]","Leaf"
"1142",8,0,"(-∞, -2] & [0.95, 1]","Leaf"
"1143",9,0,"(-∞, -2] & [0.95, 1]","Leaf"
"1144",10,0,"(-∞, -2] & [0.95, 1]","Leaf"
"1145",11,0,"(-∞, -2] & [0.95, 1]","Leaf"
"1146",12,0,"(-∞, -2] & [0.95, 1]","Leaf"
"1147",13,0,"(-∞, -2] & [0.95, 1]","Leaf"
"1148",14,0,"(-∞, -2] & [0.95, 1]","Leaf"
"1149",15,0,"(-∞, -2] & [0.95, 1]","Leaf"
"1150",16,0,"(-∞, -2] & [0.95, 1]","Leaf"
"1151",17,0,"(-∞, -2] & [0.95, 1]","Leaf"
"1152",3,0,"(-∞, -2] & [0.95, 1]","Rhizosphere"
"1153",4,0,"(-∞, -2] & [0.95, 1]","Rhizosphere"
"1154",5,0,"(-∞, -2] & [0.95, 1]","Rhizosphere"
"1155",6,0,"(-∞, -2] & [0.95, 1]","Rhizosphere"
"1156",7,0,"(-∞, -2] & [0.95, 1]","Rhizosphere"
"1157",8,0,"(-∞, -2] & [0.95, 1]","Rhizosphere"
"1158",9,0,"(-∞, -2] & [0.95, 1]","Rhizosphere"
"1159",10,0,"(-∞, -2] & [0.95, 1]","Rhizosphere"
"1160",11,0,"(-∞, -2] & [0.95, 1]","Rhizosphere"
"1161",12,0,"(-∞, -2] & [0.95, 1]","Rhizosphere"
"1162",13,0,"(-∞, -2] & [0.95, 1]","Rhizosphere"
"1163",14,0,"(-∞, -2] & [0.95, 1]","Rhizosphere"
"1164",15,0,"(-∞, -2] & [0.95, 1]","Rhizosphere"
"1165",16,0,"(-∞, -2] & [0.95, 1]","Rhizosphere"
"1166",17,0,"(-∞, -2] & [0.95, 1]","Rhizosphere"
"1167",3,0,"(-∞, -2] & [0.95, 1]","Root"
"1168",4,0,"(-∞, -2] & [0.95, 1]","Root"
"1169",5,0,"(-∞, -2] & [0.95, 1]","Root"
"1170",6,0,"(-∞, -2] & [0.95, 1]","Root"
"1171",7,0,"(-∞, -2] & [0.95, 1]","Root"
"1172",8,0,"(-∞, -2] & [0.95, 1]","Root"
"1173",9,0,"(-∞, -2] & [0.95, 1]","Root"
"1174",10,0,"(-∞, -2] & [0.95, 1]","Root"
"1175",11,0,"(-∞, -2] & [0.95, 1]","Root"
"1176",12,0,"(-∞, -2] & [0.95, 1]","Root"
"1177",13,0,"(-∞, -2] & [0.95, 1]","Root"
"1178",14,0,"(-∞, -2] & [0.95, 1]","Root"
"1179",15,0,"(-∞, -2] & [0.95, 1]","Root"
"1180",16,0,"(-∞, -2] & [0.95, 1]","Root"
"1181",17,0,"(-∞, -2] & [0.95, 1]","Root"
"1182",0,0,"(-∞, -2] & [0.95, 1]","Soil"
"1183",3,0,"(-∞, -2] & [0.95, 1]","Soil"
"1184",4,0,"(-∞, -2] & [0.95, 1]","Soil"
"1185",5,0,"(-∞, -2] & [0.95, 1]","Soil"
"1186",6,0,"(-∞, -2] & [0.95, 1]","Soil"
"1187",7,0,"(-∞, -2] & [0.95, 1]","Soil"
"1188",8,0,"(-∞, -2] & [0.95, 1]","Soil"
"1189",9,0,"(-∞, -2] & [0.95, 1]","Soil"
"1190",10,0,"(-∞, -2] & [0.95, 1]","Soil"
"1191",11,0,"(-∞, -2] & [0.95, 1]","Soil"
"1192",12,0,"(-∞, -2] & [0.95, 1]","Soil"
"1193",13,0,"(-∞, -2] & [0.95, 1]","Soil"
"1194",14,0,"(-∞, -2] & [0.95, 1]","Soil"
"1195",15,0,"(-∞, -2] & [0.95, 1]","Soil"
"1196",16,0,"(-∞, -2] & [0.95, 1]","Soil"
"1197",17,0,"(-∞, -2] & [0.95, 1]","Soil"
"1198",1,4,"(-∞, -2] & (-0.95, 0.95)","Leaf"
"1199",2,4,"(-∞, -2] & (-0.95, 0.95)","Leaf"
"1200",3,4,"(-∞, -2] & (-0.95, 0.95)","Leaf"
"1201",4,0,"(-∞, -2] & (-0.95, 0.95)","Leaf"
"1202",5,2,"(-∞, -2] & (-0.95, 0.95)","Leaf"
"1203",6,0,"(-∞, -2] & (-0.95, 0.95)","Leaf"
"1204",7,2,"(-∞, -2] & (-0.95, 0.95)","Leaf"
"1205",8,0,"(-∞, -2] & (-0.95, 0.95)","Leaf"
"1206",9,0,"(-∞, -2] & (-0.95, 0.95)","Leaf"
"1207",10,0,"(-∞, -2] & (-0.95, 0.95)","Leaf"
"1208",11,0,"(-∞, -2] & (-0.95, 0.95)","Leaf"
"1209",12,0,"(-∞, -2] & (-0.95, 0.95)","Leaf"
"1210",13,0,"(-∞, -2] & (-0.95, 0.95)","Leaf"
"1211",14,0,"(-∞, -2] & (-0.95, 0.95)","Leaf"
"1212",15,0,"(-∞, -2] & (-0.95, 0.95)","Leaf"
"1213",16,0,"(-∞, -2] & (-0.95, 0.95)","Leaf"
"1214",17,0,"(-∞, -2] & (-0.95, 0.95)","Leaf"
"1215",1,0,"(-∞, -2] & (-0.95, 0.95)","Rhizosphere"
"1216",2,0,"(-∞, -2] & (-0.95, 0.95)","Rhizosphere"
"1217",3,0,"(-∞, -2] & (-0.95, 0.95)","Rhizosphere"
"1218",4,0,"(-∞, -2] & (-0.95, 0.95)","Rhizosphere"
"1219",5,0,"(-∞, -2] & (-0.95, 0.95)","Rhizosphere"
"1220",6,0,"(-∞, -2] & (-0.95, 0.95)","Rhizosphere"
"1221",7,0,"(-∞, -2] & (-0.95, 0.95)","Rhizosphere"
"1222",8,0,"(-∞, -2] & (-0.95, 0.95)","Rhizosphere"
"1223",9,0,"(-∞, -2] & (-0.95, 0.95)","Rhizosphere"
"1224",10,0,"(-∞, -2] & (-0.95, 0.95)","Rhizosphere"
"1225",11,0,"(-∞, -2] & (-0.95, 0.95)","Rhizosphere"
"1226",12,0,"(-∞, -2] & (-0.95, 0.95)","Rhizosphere"
"1227",13,0,"(-∞, -2] & (-0.95, 0.95)","Rhizosphere"
"1228",14,0,"(-∞, -2] & (-0.95, 0.95)","Rhizosphere"
"1229",15,0,"(-∞, -2] & (-0.95, 0.95)","Rhizosphere"
"1230",16,1,"(-∞, -2] & (-0.95, 0.95)","Rhizosphere"
"1231",17,0,"(-∞, -2] & (-0.95, 0.95)","Rhizosphere"
"1232",1,0,"(-∞, -2] & (-0.95, 0.95)","Root"
"1233",2,1,"(-∞, -2] & (-0.95, 0.95)","Root"
"1234",3,0,"(-∞, -2] & (-0.95, 0.95)","Root"
"1235",4,1,"(-∞, -2] & (-0.95, 0.95)","Root"
"1236",5,0,"(-∞, -2] & (-0.95, 0.95)","Root"
"1237",6,0,"(-∞, -2] & (-0.95, 0.95)","Root"
"1238",7,0,"(-∞, -2] & (-0.95, 0.95)","Root"
"1239",8,0,"(-∞, -2] & (-0.95, 0.95)","Root"
"1240",9,0,"(-∞, -2] & (-0.95, 0.95)","Root"
"1241",10,0,"(-∞, -2] & (-0.95, 0.95)","Root"
"1242",11,0,"(-∞, -2] & (-0.95, 0.95)","Root"
"1243",12,2,"(-∞, -2] & (-0.95, 0.95)","Root"
"1244",13,0,"(-∞, -2] & (-0.95, 0.95)","Root"
"1245",14,0,"(-∞, -2] & (-0.95, 0.95)","Root"
"1246",15,2,"(-∞, -2] & (-0.95, 0.95)","Root"
"1247",16,0,"(-∞, -2] & (-0.95, 0.95)","Root"
"1248",17,0,"(-∞, -2] & (-0.95, 0.95)","Root"
"1249",0,0,"(-∞, -2] & (-0.95, 0.95)","Soil"
"1250",1,0,"(-∞, -2] & (-0.95, 0.95)","Soil"
"1251",2,0,"(-∞, -2] & (-0.95, 0.95)","Soil"
"1252",3,0,"(-∞, -2] & (-0.95, 0.95)","Soil"
"1253",4,0,"(-∞, -2] & (-0.95, 0.95)","Soil"
"1254",5,0,"(-∞, -2] & (-0.95, 0.95)","Soil"
"1255",6,0,"(-∞, -2] & (-0.95, 0.95)","Soil"
"1256",7,0,"(-∞, -2] & (-0.95, 0.95)","Soil"
"1257",8,0,"(-∞, -2] & (-0.95, 0.95)","Soil"
"1258",9,0,"(-∞, -2] & (-0.95, 0.95)","Soil"
"1259",10,1,"(-∞, -2] & (-0.95, 0.95)","Soil"
"1260",11,0,"(-∞, -2] & (-0.95, 0.95)","Soil"
"1261",12,0,"(-∞, -2] & (-0.95, 0.95)","Soil"
"1262",13,0,"(-∞, -2] & (-0.95, 0.95)","Soil"
"1263",14,0,"(-∞, -2] & (-0.95, 0.95)","Soil"
"1264",15,1,"(-∞, -2] & (-0.95, 0.95)","Soil"
"1265",16,0,"(-∞, -2] & (-0.95, 0.95)","Soil"
"1266",17,0,"(-∞, -2] & (-0.95, 0.95)","Soil"
"1267",8,0,"(-∞, -2] & (-0.95, 0.95)","Leaf"
"1268",9,0,"(-∞, -2] & (-0.95, 0.95)","Leaf"
"1269",10,0,"(-∞, -2] & (-0.95, 0.95)","Leaf"
"1270",11,0,"(-∞, -2] & (-0.95, 0.95)","Leaf"
"1271",12,0,"(-∞, -2] & (-0.95, 0.95)","Leaf"
"1272",13,0,"(-∞, -2] & (-0.95, 0.95)","Leaf"
"1273",14,0,"(-∞, -2] & (-0.95, 0.95)","Leaf"
"1274",15,0,"(-∞, -2] & (-0.95, 0.95)","Leaf"
"1275",16,0,"(-∞, -2] & (-0.95, 0.95)","Leaf"
"1276",17,0,"(-∞, -2] & (-0.95, 0.95)","Leaf"
"1277",8,0,"(-∞, -2] & (-0.95, 0.95)","Rhizosphere"
"1278",9,0,"(-∞, -2] & (-0.95, 0.95)","Rhizosphere"
"1279",10,0,"(-∞, -2] & (-0.95, 0.95)","Rhizosphere"
"1280",11,0,"(-∞, -2] & (-0.95, 0.95)","Rhizosphere"
"1281",12,0,"(-∞, -2] & (-0.95, 0.95)","Rhizosphere"
"1282",13,0,"(-∞, -2] & (-0.95, 0.95)","Rhizosphere"
"1283",14,0,"(-∞, -2] & (-0.95, 0.95)","Rhizosphere"
"1284",15,0,"(-∞, -2] & (-0.95, 0.95)","Rhizosphere"
"1285",16,0,"(-∞, -2] & (-0.95, 0.95)","Rhizosphere"
"1286",17,0,"(-∞, -2] & (-0.95, 0.95)","Rhizosphere"
"1287",8,0,"(-∞, -2] & (-0.95, 0.95)","Root"
"1288",9,0,"(-∞, -2] & (-0.95, 0.95)","Root"
"1289",10,0,"(-∞, -2] & (-0.95, 0.95)","Root"
"1290",11,0,"(-∞, -2] & (-0.95, 0.95)","Root"
"1291",12,0,"(-∞, -2] & (-0.95, 0.95)","Root"
"1292",13,0,"(-∞, -2] & (-0.95, 0.95)","Root"
"1293",14,0,"(-∞, -2] & (-0.95, 0.95)","Root"
"1294",15,0,"(-∞, -2] & (-0.95, 0.95)","Root"
"1295",16,0,"(-∞, -2] & (-0.95, 0.95)","Root"
"1296",17,0,"(-∞, -2] & (-0.95, 0.95)","Root"
"1297",0,0,"(-∞, -2] & (-0.95, 0.95)","Soil"
"1298",8,0,"(-∞, -2] & (-0.95, 0.95)","Soil"
"1299",9,0,"(-∞, -2] & (-0.95, 0.95)","Soil"
"1300",10,0,"(-∞, -2] & (-0.95, 0.95)","Soil"
"1301",11,0,"(-∞, -2] & (-0.95, 0.95)","Soil"
"1302",12,0,"(-∞, -2] & (-0.95, 0.95)","Soil"
"1303",13,0,"(-∞, -2] & (-0.95, 0.95)","Soil"
"1304",14,0,"(-∞, -2] & (-0.95, 0.95)","Soil"
"1305",15,0,"(-∞, -2] & (-0.95, 0.95)","Soil"
"1306",16,0,"(-∞, -2] & (-0.95, 0.95)","Soil"
"1307",17,0,"(-∞, -2] & (-0.95, 0.95)","Soil"
"1308",3,2,"(-∞, -2] & (-0.95, 0.95)","Leaf"
"1309",4,2,"(-∞, -2] & (-0.95, 0.95)","Leaf"
"1310",5,0,"(-∞, -2] & (-0.95, 0.95)","Leaf"
"1311",6,0,"(-∞, -2] & (-0.95, 0.95)","Leaf"
"1312",7,1,"(-∞, -2] & (-0.95, 0.95)","Leaf"
"1313",8,0,"(-∞, -2] & (-0.95, 0.95)","Leaf"
"1314",9,1,"(-∞, -2] & (-0.95, 0.95)","Leaf"
"1315",10,1,"(-∞, -2] & (-0.95, 0.95)","Leaf"
"1316",11,0,"(-∞, -2] & (-0.95, 0.95)","Leaf"
"1317",12,0,"(-∞, -2] & (-0.95, 0.95)","Leaf"
"1318",13,0,"(-∞, -2] & (-0.95, 0.95)","Leaf"
"1319",14,0,"(-∞, -2] & (-0.95, 0.95)","Leaf"
"1320",15,0,"(-∞, -2] & (-0.95, 0.95)","Leaf"
"1321",16,0,"(-∞, -2] & (-0.95, 0.95)","Leaf"
"1322",17,0,"(-∞, -2] & (-0.95, 0.95)","Leaf"
"1323",3,0,"(-∞, -2] & (-0.95, 0.95)","Rhizosphere"
"1324",4,0,"(-∞, -2] & (-0.95, 0.95)","Rhizosphere"
"1325",5,0,"(-∞, -2] & (-0.95, 0.95)","Rhizosphere"
"1326",6,0,"(-∞, -2] & (-0.95, 0.95)","Rhizosphere"
"1327",7,0,"(-∞, -2] & (-0.95, 0.95)","Rhizosphere"
"1328",8,0,"(-∞, -2] & (-0.95, 0.95)","Rhizosphere"
"1329",9,0,"(-∞, -2] & (-0.95, 0.95)","Rhizosphere"
"1330",10,0,"(-∞, -2] & (-0.95, 0.95)","Rhizosphere"
"1331",11,0,"(-∞, -2] & (-0.95, 0.95)","Rhizosphere"
"1332",12,0,"(-∞, -2] & (-0.95, 0.95)","Rhizosphere"
"1333",13,0,"(-∞, -2] & (-0.95, 0.95)","Rhizosphere"
"1334",14,0,"(-∞, -2] & (-0.95, 0.95)","Rhizosphere"
"1335",15,0,"(-∞, -2] & (-0.95, 0.95)","Rhizosphere"
"1336",16,0,"(-∞, -2] & (-0.95, 0.95)","Rhizosphere"
"1337",17,0,"(-∞, -2] & (-0.95, 0.95)","Rhizosphere"
"1338",3,0,"(-∞, -2] & (-0.95, 0.95)","Root"
"1339",4,0,"(-∞, -2] & (-0.95, 0.95)","Root"
"1340",5,0,"(-∞, -2] & (-0.95, 0.95)","Root"
"1341",6,0,"(-∞, -2] & (-0.95, 0.95)","Root"
"1342",7,2,"(-∞, -2] & (-0.95, 0.95)","Root"
"1343",8,0,"(-∞, -2] & (-0.95, 0.95)","Root"
"1344",9,1,"(-∞, -2] & (-0.95, 0.95)","Root"
"1345",10,0,"(-∞, -2] & (-0.95, 0.95)","Root"
"1346",11,0,"(-∞, -2] & (-0.95, 0.95)","Root"
"1347",12,0,"(-∞, -2] & (-0.95, 0.95)","Root"
"1348",13,0,"(-∞, -2] & (-0.95, 0.95)","Root"
"1349",14,0,"(-∞, -2] & (-0.95, 0.95)","Root"
"1350",15,0,"(-∞, -2] & (-0.95, 0.95)","Root"
"1351",16,0,"(-∞, -2] & (-0.95, 0.95)","Root"
"1352",17,0,"(-∞, -2] & (-0.95, 0.95)","Root"
"1353",0,0,"(-∞, -2] & (-0.95, 0.95)","Soil"
"1354",3,0,"(-∞, -2] & (-0.95, 0.95)","Soil"
"1355",4,0,"(-∞, -2] & (-0.95, 0.95)","Soil"
"1356",5,0,"(-∞, -2] & (-0.95, 0.95)","Soil"
"1357",6,0,"(-∞, -2] & (-0.95, 0.95)","Soil"
"1358",7,0,"(-∞, -2] & (-0.95, 0.95)","Soil"
"1359",8,0,"(-∞, -2] & (-0.95, 0.95)","Soil"
"1360",9,0,"(-∞, -2] & (-0.95, 0.95)","Soil"
"1361",10,0,"(-∞, -2] & (-0.95, 0.95)","Soil"
"1362",11,0,"(-∞, -2] & (-0.95, 0.95)","Soil"
"1363",12,0,"(-∞, -2] & (-0.95, 0.95)","Soil"
"1364",13,0,"(-∞, -2] & (-0.95, 0.95)","Soil"
"1365",14,0,"(-∞, -2] & (-0.95, 0.95)","Soil"
"1366",15,0,"(-∞, -2] & (-0.95, 0.95)","Soil"
"1367",16,0,"(-∞, -2] & (-0.95, 0.95)","Soil"
"1368",17,0,"(-∞, -2] & (-0.95, 0.95)","Soil"
"1369",1,2,"(-∞, -2] & [-1, -0.95]","Leaf"
"1370",2,0,"(-∞, -2] & [-1, -0.95]","Leaf"
"1371",3,0,"(-∞, -2] & [-1, -0.95]","Leaf"
"1372",4,0,"(-∞, -2] & [-1, -0.95]","Leaf"
"1373",5,1,"(-∞, -2] & [-1, -0.95]","Leaf"
"1374",6,3,"(-∞, -2] & [-1, -0.95]","Leaf"
"1375",7,0,"(-∞, -2] & [-1, -0.95]","Leaf"
"1376",8,7,"(-∞, -2] & [-1, -0.95]","Leaf"
"1377",9,15,"(-∞, -2] & [-1, -0.95]","Leaf"
"1378",10,9,"(-∞, -2] & [-1, -0.95]","Leaf"
"1379",11,9,"(-∞, -2] & [-1, -0.95]","Leaf"
"1380",12,13,"(-∞, -2] & [-1, -0.95]","Leaf"
"1381",13,9,"(-∞, -2] & [-1, -0.95]","Leaf"
"1382",14,11,"(-∞, -2] & [-1, -0.95]","Leaf"
"1383",15,4,"(-∞, -2] & [-1, -0.95]","Leaf"
"1384",16,9,"(-∞, -2] & [-1, -0.95]","Leaf"
"1385",17,15,"(-∞, -2] & [-1, -0.95]","Leaf"
"1386",1,0,"(-∞, -2] & [-1, -0.95]","Rhizosphere"
"1387",2,1,"(-∞, -2] & [-1, -0.95]","Rhizosphere"
"1388",3,0,"(-∞, -2] & [-1, -0.95]","Rhizosphere"
"1389",4,1,"(-∞, -2] & [-1, -0.95]","Rhizosphere"
"1390",5,0,"(-∞, -2] & [-1, -0.95]","Rhizosphere"
"1391",6,0,"(-∞, -2] & [-1, -0.95]","Rhizosphere"
"1392",7,0,"(-∞, -2] & [-1, -0.95]","Rhizosphere"
"1393",8,0,"(-∞, -2] & [-1, -0.95]","Rhizosphere"
"1394",9,1,"(-∞, -2] & [-1, -0.95]","Rhizosphere"
"1395",10,1,"(-∞, -2] & [-1, -0.95]","Rhizosphere"
"1396",11,0,"(-∞, -2] & [-1, -0.95]","Rhizosphere"
"1397",12,0,"(-∞, -2] & [-1, -0.95]","Rhizosphere"
"1398",13,1,"(-∞, -2] & [-1, -0.95]","Rhizosphere"
"1399",14,1,"(-∞, -2] & [-1, -0.95]","Rhizosphere"
"1400",15,0,"(-∞, -2] & [-1, -0.95]","Rhizosphere"
"1401",16,0,"(-∞, -2] & [-1, -0.95]","Rhizosphere"
"1402",17,1,"(-∞, -2] & [-1, -0.95]","Rhizosphere"
"1403",1,1,"(-∞, -2] & [-1, -0.95]","Root"
"1404",2,0,"(-∞, -2] & [-1, -0.95]","Root"
"1405",3,0,"(-∞, -2] & [-1, -0.95]","Root"
"1406",4,2,"(-∞, -2] & [-1, -0.95]","Root"
"1407",5,1,"(-∞, -2] & [-1, -0.95]","Root"
"1408",6,2,"(-∞, -2] & [-1, -0.95]","Root"
"1409",7,1,"(-∞, -2] & [-1, -0.95]","Root"
"1410",8,1,"(-∞, -2] & [-1, -0.95]","Root"
"1411",9,2,"(-∞, -2] & [-1, -0.95]","Root"
"1412",10,1,"(-∞, -2] & [-1, -0.95]","Root"
"1413",11,1,"(-∞, -2] & [-1, -0.95]","Root"
"1414",12,11,"(-∞, -2] & [-1, -0.95]","Root"
"1415",13,1,"(-∞, -2] & [-1, -0.95]","Root"
"1416",14,0,"(-∞, -2] & [-1, -0.95]","Root"
"1417",15,4,"(-∞, -2] & [-1, -0.95]","Root"
"1418",16,2,"(-∞, -2] & [-1, -0.95]","Root"
"1419",17,2,"(-∞, -2] & [-1, -0.95]","Root"
"1420",0,0,"(-∞, -2] & [-1, -0.95]","Soil"
"1421",1,0,"(-∞, -2] & [-1, -0.95]","Soil"
"1422",2,0,"(-∞, -2] & [-1, -0.95]","Soil"
"1423",3,1,"(-∞, -2] & [-1, -0.95]","Soil"
"1424",4,0,"(-∞, -2] & [-1, -0.95]","Soil"
"1425",5,0,"(-∞, -2] & [-1, -0.95]","Soil"
"1426",6,0,"(-∞, -2] & [-1, -0.95]","Soil"
"1427",7,0,"(-∞, -2] & [-1, -0.95]","Soil"
"1428",8,0,"(-∞, -2] & [-1, -0.95]","Soil"
"1429",9,0,"(-∞, -2] & [-1, -0.95]","Soil"
"1430",10,1,"(-∞, -2] & [-1, -0.95]","Soil"
"1431",11,0,"(-∞, -2] & [-1, -0.95]","Soil"
"1432",12,0,"(-∞, -2] & [-1, -0.95]","Soil"
"1433",13,1,"(-∞, -2] & [-1, -0.95]","Soil"
"1434",14,1,"(-∞, -2] & [-1, -0.95]","Soil"
"1435",15,0,"(-∞, -2] & [-1, -0.95]","Soil"
"1436",16,0,"(-∞, -2] & [-1, -0.95]","Soil"
"1437",17,1,"(-∞, -2] & [-1, -0.95]","Soil"
"1438",8,3,"(-∞, -2] & [-1, -0.95]","Leaf"
"1439",9,7,"(-∞, -2] & [-1, -0.95]","Leaf"
"1440",10,10,"(-∞, -2] & [-1, -0.95]","Leaf"
"1441",11,6,"(-∞, -2] & [-1, -0.95]","Leaf"
"1442",12,9,"(-∞, -2] & [-1, -0.95]","Leaf"
"1443",13,8,"(-∞, -2] & [-1, -0.95]","Leaf"
"1444",14,10,"(-∞, -2] & [-1, -0.95]","Leaf"
"1445",15,6,"(-∞, -2] & [-1, -0.95]","Leaf"
"1446",16,9,"(-∞, -2] & [-1, -0.95]","Leaf"
"1447",17,13,"(-∞, -2] & [-1, -0.95]","Leaf"
"1448",8,1,"(-∞, -2] & [-1, -0.95]","Rhizosphere"
"1449",9,0,"(-∞, -2] & [-1, -0.95]","Rhizosphere"
"1450",10,0,"(-∞, -2] & [-1, -0.95]","Rhizosphere"
"1451",11,0,"(-∞, -2] & [-1, -0.95]","Rhizosphere"
"1452",12,1,"(-∞, -2] & [-1, -0.95]","Rhizosphere"
"1453",13,0,"(-∞, -2] & [-1, -0.95]","Rhizosphere"
"1454",14,1,"(-∞, -2] & [-1, -0.95]","Rhizosphere"
"1455",15,1,"(-∞, -2] & [-1, -0.95]","Rhizosphere"
"1456",16,1,"(-∞, -2] & [-1, -0.95]","Rhizosphere"
"1457",17,0,"(-∞, -2] & [-1, -0.95]","Rhizosphere"
"1458",8,0,"(-∞, -2] & [-1, -0.95]","Root"
"1459",9,5,"(-∞, -2] & [-1, -0.95]","Root"
"1460",10,3,"(-∞, -2] & [-1, -0.95]","Root"
"1461",11,1,"(-∞, -2] & [-1, -0.95]","Root"
"1462",12,0,"(-∞, -2] & [-1, -0.95]","Root"
"1463",13,1,"(-∞, -2] & [-1, -0.95]","Root"
"1464",14,1,"(-∞, -2] & [-1, -0.95]","Root"
"1465",15,0,"(-∞, -2] & [-1, -0.95]","Root"
"1466",16,3,"(-∞, -2] & [-1, -0.95]","Root"
"1467",17,0,"(-∞, -2] & [-1, -0.95]","Root"
"1468",0,0,"(-∞, -2] & [-1, -0.95]","Soil"
"1469",8,1,"(-∞, -2] & [-1, -0.95]","Soil"
"1470",9,0,"(-∞, -2] & [-1, -0.95]","Soil"
"1471",10,4,"(-∞, -2] & [-1, -0.95]","Soil"
"1472",11,0,"(-∞, -2] & [-1, -0.95]","Soil"
"1473",12,0,"(-∞, -2] & [-1, -0.95]","Soil"
"1474",13,0,"(-∞, -2] & [-1, -0.95]","Soil"
"1475",14,0,"(-∞, -2] & [-1, -0.95]","Soil"
"1476",15,0,"(-∞, -2] & [-1, -0.95]","Soil"
"1477",16,0,"(-∞, -2] & [-1, -0.95]","Soil"
"1478",17,1,"(-∞, -2] & [-1, -0.95]","Soil"
"1479",3,0,"(-∞, -2] & [-1, -0.95]","Leaf"
"1480",4,0,"(-∞, -2] & [-1, -0.95]","Leaf"
"1481",5,0,"(-∞, -2] & [-1, -0.95]","Leaf"
"1482",6,0,"(-∞, -2] & [-1, -0.95]","Leaf"
"1483",7,3,"(-∞, -2] & [-1, -0.95]","Leaf"
"1484",8,3,"(-∞, -2] & [-1, -0.95]","Leaf"
"1485",9,5,"(-∞, -2] & [-1, -0.95]","Leaf"
"1486",10,9,"(-∞, -2] & [-1, -0.95]","Leaf"
"1487",11,6,"(-∞, -2] & [-1, -0.95]","Leaf"
"1488",12,15,"(-∞, -2] & [-1, -0.95]","Leaf"
"1489",13,9,"(-∞, -2] & [-1, -0.95]","Leaf"
"1490",14,4,"(-∞, -2] & [-1, -0.95]","Leaf"
"1491",15,10,"(-∞, -2] & [-1, -0.95]","Leaf"
"1492",16,4,"(-∞, -2] & [-1, -0.95]","Leaf"
"1493",17,1,"(-∞, -2] & [-1, -0.95]","Leaf"
"1494",3,0,"(-∞, -2] & [-1, -0.95]","Rhizosphere"
"1495",4,0,"(-∞, -2] & [-1, -0.95]","Rhizosphere"
"1496",5,1,"(-∞, -2] & [-1, -0.95]","Rhizosphere"
"1497",6,1,"(-∞, -2] & [-1, -0.95]","Rhizosphere"
"1498",7,2,"(-∞, -2] & [-1, -0.95]","Rhizosphere"
"1499",8,1,"(-∞, -2] & [-1, -0.95]","Rhizosphere"
"1500",9,0,"(-∞, -2] & [-1, -0.95]","Rhizosphere"
"1501",10,1,"(-∞, -2] & [-1, -0.95]","Rhizosphere"
"1502",11,1,"(-∞, -2] & [-1, -0.95]","Rhizosphere"
"1503",12,0,"(-∞, -2] & [-1, -0.95]","Rhizosphere"
"1504",13,0,"(-∞, -2] & [-1, -0.95]","Rhizosphere"
"1505",14,0,"(-∞, -2] & [-1, -0.95]","Rhizosphere"
"1506",15,0,"(-∞, -2] & [-1, -0.95]","Rhizosphere"
"1507",16,0,"(-∞, -2] & [-1, -0.95]","Rhizosphere"
"1508",17,0,"(-∞, -2] & [-1, -0.95]","Rhizosphere"
"1509",3,0,"(-∞, -2] & [-1, -0.95]","Root"
"1510",4,0,"(-∞, -2] & [-1, -0.95]","Root"
"1511",5,0,"(-∞, -2] & [-1, -0.95]","Root"
"1512",6,2,"(-∞, -2] & [-1, -0.95]","Root"
"1513",7,2,"(-∞, -2] & [-1, -0.95]","Root"
"1514",8,1,"(-∞, -2] & [-1, -0.95]","Root"
"1515",9,0,"(-∞, -2] & [-1, -0.95]","Root"
"1516",10,2,"(-∞, -2] & [-1, -0.95]","Root"
"1517",11,8,"(-∞, -2] & [-1, -0.95]","Root"
"1518",12,3,"(-∞, -2] & [-1, -0.95]","Root"
"1519",13,5,"(-∞, -2] & [-1, -0.95]","Root"
"1520",14,1,"(-∞, -2] & [-1, -0.95]","Root"
"1521",15,4,"(-∞, -2] & [-1, -0.95]","Root"
"1522",16,0,"(-∞, -2] & [-1, -0.95]","Root"
"1523",17,1,"(-∞, -2] & [-1, -0.95]","Root"
"1524",0,0,"(-∞, -2] & [-1, -0.95]","Soil"
"1525",3,0,"(-∞, -2] & [-1, -0.95]","Soil"
"1526",4,0,"(-∞, -2] & [-1, -0.95]","Soil"
"1527",5,0,"(-∞, -2] & [-1, -0.95]","Soil"
"1528",6,0,"(-∞, -2] & [-1, -0.95]","Soil"
"1529",7,1,"(-∞, -2] & [-1, -0.95]","Soil"
"1530",8,0,"(-∞, -2] & [-1, -0.95]","Soil"
"1531",9,1,"(-∞, -2] & [-1, -0.95]","Soil"
"1532",10,0,"(-∞, -2] & [-1, -0.95]","Soil"
"1533",11,0,"(-∞, -2] & [-1, -0.95]","Soil"
"1534",12,0,"(-∞, -2] & [-1, -0.95]","Soil"
"1535",13,0,"(-∞, -2] & [-1, -0.95]","Soil"
"1536",14,0,"(-∞, -2] & [-1, -0.95]","Soil"
"1537",15,0,"(-∞, -2] & [-1, -0.95]","Soil"
"1538",16,1,"(-∞, -2] & [-1, -0.95]","Soil"
"1539",17,0,"(-∞, -2] & [-1, -0.95]","Soil"
